age,education,sex,relationship,marital-status,income
44,10th,Male,Wife,Divorced,>50K
47,1st-4th,Male,Husband,Married-AF-spouse,>50K
64,Assoc-acdm,Male,Wife,Married-AF-spouse,<=50K
67,5th-6th,Male,Other-relative,Separated,<=50K
67,Prof-school,Female,Husband,Divorced,<=50K
9,12th,Female,Unmarried,Married-civ-spouse,>50K
83,9th,Male,Husband,Divorced,>50K
21,Prof-school,Male,Other-relative,Divorced,>50K
36,Some-college,Female,Unmarried,Divorced,<=50K
87,Assoc-voc,Female,Not-in-family,Separated,<=50K
70,Prof-school,Male,Own-child,Married-spouse-absent,<=50K
88,5th-6th,Female,Wife,Married-civ-spouse,>50K
88,Preschool,Female,Wife,Married-civ-spouse,<=50K
12,Assoc-acdm,Male,Unmarried,Married-AF-spouse,<=50K
58,Bachelors,Female,Husband,Separated,<=50K
65,HS-grad,Female,Husband,Never-married,<=50K
39,Prof-school,Male,Own-child,Married-spouse-absent,>50K
87,10th,Male,Not-in-family,Separated,>50K
46,5th-6th,Male,Husband,Married-civ-spouse,>50K
88,5th-6th,Male,Husband,Divorced,<=50K
81,Assoc-acdm,Male,Other-relative,Separated,>50K
37,1st-4th,Female,Not-in-family,Widowed,<=50K
25,12th,Male,Own-child,Never-married,>50K
77,Assoc-acdm,Male,Husband,Separated,>50K
72,12th,Female,Unmarried,Never-married,>50K
9,9th,Female,Not-in-family,Married-AF-spouse,<=50K
20,11th,Male,Husband,Separated,<=50K
80,11th,Male,Own-child,Married-AF-spouse,<=50K
69,Prof-school,Male,Wife,Never-married,<=50K
79,9th,Female,Unmarried,Separated,<=50K
47,Prof-school,Male,Other-relative,Widowed,<=50K
64,Preschool,Male,Unmarried,Never-married,>50K
82,9th,Male,Unmarried,Never-married,>50K
99,Masters,Female,Unmarried,Widowed,<=50K
88,10th,Male,Wife,Separated,>50K
49,HS-grad,Male,Wife,Married-civ-spouse,<=50K
29,Bachelors,Male,Wife,Separated,>50K
19,12th,Male,Wife,Married-civ-spouse,<=50K
19,Assoc-acdm,Female,Own-child,Never-married,>50K
14,Assoc-acdm,Female,Husband,Married-AF-spouse,>50K
39,Bachelors,Female,Wife,Separated,<=50K
32,Doctorate,Male,Wife,Widowed,>50K
65,10th,Female,Own-child,Never-married,>50K
9,1st-4th,Male,Not-in-family,Married-civ-spouse,<=50K
57,7th-8th,Male,Own-child,Separated,>50K
32,Doctorate,Male,Not-in-family,Separated,<=50K
31,Some-college,Male,Unmarried,Separated,<=50K
74,11th,Male,Own-child,Married-spouse-absent,<=50K
23,Doctorate,Male,Unmarried,Married-AF-spouse,>50K
35,Preschool,Male,Not-in-family,Married-civ-spouse,<=50K
75,7th-8th,Male,Own-child,Never-married,<=50K
55,9th,Male,Not-in-family,Never-married,<=50K
28,10th,Female,Not-in-family,Separated,>50K
34,9th,Male,Unmarried,Divorced,>50K
0,Bachelors,Female,Not-in-family,Divorced,>50K
0,Prof-school,Female,Husband,Married-spouse-absent,>50K
36,10th,Male,Wife,Never-married,<=50K
53,1st-4th,Female,Own-child,Separated,<=50K
5,5th-6th,Female,Unmarried,Married-spouse-absent,<=50K
38,11th,Female,Wife,Separated,<=50K
17,Some-college,Female,Unmarried,Never-married,>50K
79,Assoc-voc,Male,Husband,Divorced,>50K
4,Assoc-voc,Male,Other-relative,Married-AF-spouse,>50K
42,Preschool,Male,Wife,Married-civ-spouse,>50K
58,HS-grad,Male,Own-child,Married-civ-spouse,<=50K
31,Masters,Male,Other-relative,Separated,>50K
1,12th,Male,Not-in-family,Married-spouse-absent,>50K
65,11th,Female,Other-relative,Widowed,<=50K
41,Bachelors,Male,Not-in-family,Married-civ-spouse,<=50K
57,Masters,Male,Wife,Married-spouse-absent,<=50K
35,11th,Female,Unmarried,Widowed,>50K
11,11th,Male,Own-child,Never-married,<=50K
46,1st-4th,Female,Not-in-family,Separated,<=50K
82,Prof-school,Female,Wife,Married-AF-spouse,<=50K
91,11th,Female,Wife,Married-spouse-absent,>50K
0,10th,Male,Husband,Separated,<=50K
14,Masters,Male,Other-relative,Married-civ-spouse,>50K
99,Some-college,Male,Own-child,Divorced,<=50K
53,Prof-school,Male,Own-child,Never-married,<=50K
12,HS-grad,Female,Unmarried,Married-civ-spouse,>50K
42,Assoc-voc,Male,Unmarried,Married-AF-spouse,<=50K
84,Prof-school,Male,Wife,Separated,<=50K
75,Preschool,Male,Husband,Married-spouse-absent,<=50K
68,Some-college,Female,Wife,Widowed,>50K
6,10th,Female,Unmarried,Widowed,>50K
68,12th,Female,Not-in-family,Widowed,>50K
47,5th-6th,Male,Husband,Separated,>50K
3,Masters,Female,Other-relative,Married-spouse-absent,>50K
76,Preschool,Female,Own-child,Separated,>50K
100,Prof-school,Male,Not-in-family,Widowed,<=50K
52,Prof-school,Female,Not-in-family,Never-married,>50K
78,Doctorate,Female,Other-relative,Divorced,>50K
15,5th-6th,Female,Own-child,Married-AF-spouse,<=50K
20,Masters,Male,Other-relative,Married-spouse-absent,>50K
99,5th-6th,Male,Wife,Married-civ-spouse,>50K
58,Bachelors,Female,Husband,Divorced,<=50K
23,Assoc-acdm,Male,Not-in-family,Never-married,<=50K
79,12th,Female,Other-relative,Widowed,<=50K
13,Masters,Female,Other-relative,Married-spouse-absent,>50K
85,Assoc-acdm,Male,Wife,Separated,<=50K
48,Preschool,Male,Own-child,Married-AF-spouse,>50K
49,5th-6th,Female,Wife,Married-AF-spouse,<=50K
69,Doctorate,Male,Not-in-family,Separated,<=50K
41,Some-college,Male,Husband,Divorced,<=50K
35,HS-grad,Female,Husband,Separated,>50K
64,1st-4th,Female,Own-child,Divorced,>50K
95,10th,Male,Wife,Divorced,<=50K
69,Doctorate,Female,Unmarried,Married-civ-spouse,>50K
94,Masters,Female,Husband,Widowed,>50K
0,5th-6th,Male,Unmarried,Married-civ-spouse,<=50K
50,Masters,Female,Wife,Married-civ-spouse,<=50K
36,Doctorate,Female,Wife,Separated,>50K
34,Prof-school,Male,Unmarried,Married-spouse-absent,>50K
48,Assoc-voc,Male,Own-child,Married-spouse-absent,<=50K
93,1st-4th,Female,Unmarried,Married-civ-spouse,<=50K
3,7th-8th,Male,Not-in-family,Married-civ-spouse,<=50K
98,9th,Male,Unmarried,Married-spouse-absent,>50K
42,Assoc-voc,Male,Unmarried,Married-civ-spouse,<=50K
77,Prof-school,Male,Own-child,Divorced,<=50K
21,7th-8th,Male,Not-in-family,Never-married,<=50K
73,Doctorate,Male,Wife,Widowed,>50K
0,1st-4th,Female,Not-in-family,Married-AF-spouse,>50K
10,10th,Female,Unmarried,Divorced,>50K
43,12th,Male,Other-relative,Married-spouse-absent,>50K
58,12th,Male,Wife,Married-civ-spouse,>50K
23,9th,Female,Own-child,Never-married,<=50K
59,HS-grad,Male,Wife,Married-civ-spouse,>50K
2,Preschool,Female,Own-child,Married-AF-spouse,>50K
98,Some-college,Male,Unmarried,Married-AF-spouse,<=50K
62,Prof-school,Female,Not-in-family,Divorced,<=50K
35,Preschool,Male,Not-in-family,Married-AF-spouse,>50K
94,Bachelors,Male,Not-in-family,Married-AF-spouse,<=50K
67,Masters,Male,Other-relative,Married-AF-spouse,>50K
82,Assoc-acdm,Female,Not-in-family,Married-AF-spouse,<=50K
46,1st-4th,Male,Not-in-family,Married-civ-spouse,>50K
99,Masters,Female,Husband,Married-AF-spouse,<=50K
20,12th,Male,Unmarried,Divorced,<=50K
81,1st-4th,Male,Not-in-family,Never-married,>50K
50,Bachelors,Male,Other-relative,Separated,<=50K
27,Masters,Male,Not-in-family,Separated,<=50K
14,Prof-school,Female,Own-child,Never-married,>50K
41,1st-4th,Male,Unmarried,Widowed,>50K
58,Assoc-acdm,Male,Own-child,Married-civ-spouse,<=50K
65,Doctorate,Male,Not-in-family,Married-AF-spouse,>50K
36,Some-college,Female,Unmarried,Widowed,>50K
10,5th-6th,Female,Unmarried,Separated,>50K
86,HS-grad,Male,Unmarried,Widowed,<=50K
43,Assoc-voc,Female,Wife,Divorced,>50K
11,1st-4th,Male,Husband,Separated,<=50K
2,5th-6th,Male,Husband,Divorced,<=50K
51,Masters,Male,Not-in-family,Married-AF-spouse,<=50K
80,9th,Male,Husband,Widowed,<=50K
32,5th-6th,Female,Unmarried,Never-married,>50K
54,12th,Male,Wife,Separated,>50K
0,Assoc-voc,Female,Husband,Never-married,<=50K
38,10th,Female,Husband,Married-spouse-absent,>50K
19,Preschool,Female,Wife,Widowed,<=50K
46,Preschool,Male,Own-child,Never-married,>50K
42,Bachelors,Female,Not-in-family,Married-AF-spouse,<=50K
56,Masters,Female,Unmarried,Separated,<=50K
60,12th,Male,Other-relative,Married-AF-spouse,<=50K
77,Some-college,Female,Wife,Divorced,>50K
30,Assoc-acdm,Male,Own-child,Never-married,<=50K
24,5th-6th,Male,Other-relative,Separated,>50K
2,5th-6th,Female,Not-in-family,Married-civ-spouse,>50K
3,Assoc-acdm,Male,Own-child,Divorced,>50K
94,Assoc-voc,Female,Not-in-family,Married-civ-spouse,>50K
98,9th,Female,Husband,Widowed,>50K
13,5th-6th,Female,Wife,Married-civ-spouse,<=50K
40,Assoc-voc,Female,Not-in-family,Married-AF-spouse,<=50K
72,11th,Female,Wife,Married-spouse-absent,<=50K
19,Bachelors,Female,Wife,Never-married,>50K
95,HS-grad,Male,Other-relative,Married-civ-spouse,<=50K
72,Assoc-acdm,Male,Own-child,Divorced,>50K
26,Some-college,Male,Unmarried,Married-civ-spouse,<=50K
66,Doctorate,Male,Own-child,Widowed,>50K
52,9th,Female,Other-relative,Married-AF-spouse,>50K
67,1st-4th,Male,Own-child,Married-spouse-absent,<=50K
61,7th-8th,Female,Unmarried,Separated,<=50K
14,Assoc-voc,Female,Other-relative,Married-AF-spouse,>50K
96,7th-8th,Female,Unmarried,Divorced,>50K
4,Assoc-acdm,Male,Own-child,Divorced,>50K
67,HS-grad,Female,Wife,Separated,>50K
11,9th,Female,Husband,Widowed,>50K
86,Prof-school,Male,Unmarried,Married-spouse-absent,<=50K
77,7th-8th,Male,Husband,Married-spouse-absent,>50K
75,Some-college,Male,Wife,Never-married,<=50K
56,HS-grad,Male,Unmarried,Married-AF-spouse,>50K
16,Assoc-acdm,Female,Not-in-family,Divorced,>50K
24,Prof-school,Female,Not-in-family,Never-married,>50K
29,11th,Male,Own-child,Married-AF-spouse,<=50K
21,Prof-school,Male,Husband,Married-civ-spouse,>50K
25,Preschool,Female,Not-in-family,Never-married,>50K
80,1st-4th,Male,Own-child,Never-married,>50K
60,5th-6th,Male,Own-child,Married-AF-spouse,<=50K
61,Preschool,Female,Own-child,Married-AF-spouse,<=50K
83,Assoc-voc,Female,Other-relative,Separated,>50K
33,Prof-school,Male,Wife,Never-married,<=50K
32,Preschool,Male,Husband,Married-AF-spouse,>50K
100,Prof-school,Female,Unmarried,Married-civ-spouse,<=50K
70,Some-college,Male,Own-child,Widowed,>50K
85,Assoc-voc,Female,Unmarried,Widowed,<=50K
31,Doctorate,Female,Not-in-family,Never-married,>50K
13,10th,Male,Wife,Married-spouse-absent,<=50K
71,Assoc-acdm,Female,Other-relative,Never-married,<=50K
56,Assoc-acdm,Female,Unmarried,Married-AF-spouse,>50K
24,Masters,Male,Own-child,Married-AF-spouse,>50K
79,Doctorate,Female,Wife,Separated,>50K
41,1st-4th,Male,Own-child,Separated,>50K
18,Doctorate,Male,Wife,Separated,>50K
40,Prof-school,Female,Unmarried,Never-married,<=50K
54,Masters,Male,Unmarried,Married-civ-spouse,>50K
79,9th,Female,Not-in-family,Widowed,<=50K
11,9th,Male,Other-relative,Divorced,>50K
38,HS-grad,Female,Husband,Separated,>50K
93,Masters,Female,Other-relative,Never-married,>50K
1,Doctorate,Male,Own-child,Divorced,>50K
95,Some-college,Male,Own-child,Married-AF-spouse,>50K
44,HS-grad,Male,Not-in-family,Married-AF-spouse,>50K
88,10th,Male,Other-relative,Married-spouse-absent,<=50K
24,10th,Female,Wife,Married-spouse-absent,>50K
67,Doctorate,Female,Other-relative,Separated,<=50K
82,Assoc-voc,Male,Wife,Separated,<=50K
3,10th,Female,Unmarried,Widowed,>50K
76,Some-college,Female,Unmarried,Married-spouse-absent,>50K
35,9th,Female,Own-child,Separated,<=50K
86,Prof-school,Male,Husband,Widowed,<=50K
61,11th,Female,Own-child,Married-AF-spouse,>50K
69,Bachelors,Female,Other-relative,Married-spouse-absent,>50K
87,1st-4th,Female,Wife,Never-married,>50K
43,7th-8th,Male,Husband,Divorced,>50K
32,Assoc-voc,Male,Husband,Never-married,<=50K
11,HS-grad,Male,Not-in-family,Married-spouse-absent,<=50K
84,HS-grad,Male,Unmarried,Never-married,<=50K
10,HS-grad,Female,Husband,Married-spouse-absent,<=50K
54,Doctorate,Male,Other-relative,Widowed,>50K
37,Assoc-voc,Female,Own-child,Never-married,>50K
28,9th,Female,Wife,Divorced,<=50K
2,7th-8th,Male,Unmarried,Married-spouse-absent,>50K
27,Assoc-acdm,Female,Other-relative,Separated,<=50K
83,HS-grad,Male,Own-child,Separated,>50K
89,11th,Male,Wife,Separated,<=50K
23,12th,Male,Own-child,Widowed,>50K
53,10th,Female,Own-child,Married-spouse-absent,<=50K
51,7th-8th,Female,Unmarried,Separated,>50K
46,1st-4th,Female,Wife,Married-civ-spouse,>50K
20,9th,Female,Own-child,Divorced,>50K
53,5th-6th,Male,Husband,Married-AF-spouse,<=50K
29,Assoc-voc,Female,Other-relative,Married-AF-spouse,>50K
67,Doctorate,Female,Other-relative,Widowed,<=50K
35,Prof-school,Male,Unmarried,Widowed,<=50K
39,1st-4th,Male,Not-in-family,Married-civ-spouse,<=50K
9,12th,Female,Husband,Married-spouse-absent,<=50K
73,7th-8th,Male,Wife,Married-spouse-absent,>50K
41,10th,Male,Other-relative,Divorced,>50K
23,7th-8th,Female,Husband,Married-AF-spouse,>50K
3,Masters,Male,Own-child,Never-married,>50K
46,11th,Male,Not-in-family,Widowed,>50K
90,Some-college,Female,Unmarried,Divorced,>50K
50,Assoc-acdm,Male,Other-relative,Married-civ-spouse,<=50K
3,9th,Female,Not-in-family,Married-civ-spouse,<=50K
31,Some-college,Female,Other-relative,Married-civ-spouse,<=50K
9,Assoc-voc,Female,Husband,Married-AF-spouse,<=50K
10,5th-6th,Female,Not-in-family,Married-civ-spouse,<=50K
27,Prof-school,Female,Wife,Never-married,>50K
45,Doctorate,Female,Other-relative,Married-spouse-absent,>50K
71,Bachelors,Female,Own-child,Married-spouse-absent,<=50K
39,Preschool,Male,Own-child,Divorced,>50K
61,Masters,Female,Wife,Married-spouse-absent,>50K
85,Some-college,Female,Own-child,Married-spouse-absent,<=50K
97,Some-college,Male,Unmarried,Married-spouse-absent,>50K
44,Assoc-voc,Male,Own-child,Never-married,>50K
34,7th-8th,Female,Own-child,Never-married,>50K
34,Bachelors,Female,Other-relative,Married-spouse-absent,<=50K
88,5th-6th,Male,Husband,Married-civ-spouse,<=50K
33,5th-6th,Female,Not-in-family,Married-spouse-absent,>50K
5,10th,Female,Own-child,Married-AF-spouse,<=50K
36,11th,Female,Husband,Divorced,<=50K
0,Assoc-acdm,Female,Wife,Married-AF-spouse,<=50K
75,Some-college,Male,Other-relative,Separated,>50K
34,HS-grad,Female,Unmarried,Divorced,<=50K
69,Prof-school,Female,Wife,Separated,<=50K
53,1st-4th,Male,Unmarried,Never-married,>50K
80,Preschool,Male,Husband,Never-married,<=50K
62,Some-college,Male,Wife,Married-spouse-absent,>50K
8,Preschool,Male,Husband,Separated,<=50K
61,HS-grad,Male,Unmarried,Never-married,>50K
1,Doctorate,Male,Own-child,Never-married,<=50K
81,Preschool,Male,Husband,Married-spouse-absent,>50K
35,10th,Female,Not-in-family,Never-married,>50K
91,Preschool,Male,Own-child,Separated,<=50K
40,11th,Male,Own-child,Divorced,<=50K
36,Masters,Male,Not-in-family,Never-married,<=50K
48,Bachelors,Female,Wife,Married-civ-spouse,<=50K
25,1st-4th,Male,Not-in-family,Widowed,<=50K
67,10th,Female,Other-relative,Married-AF-spouse,<=50K
35,10th,Male,Own-child,Never-married,<=50K
30,10th,Male,Wife,Widowed,>50K
29,12th,Female,Wife,Widowed,<=50K
33,Masters,Female,Unmarried,Married-AF-spouse,<=50K
18,1st-4th,Male,Not-in-family,Divorced,<=50K
17,Preschool,Male,Own-child,Married-spouse-absent,<=50K
93,Bachelors,Male,Husband,Married-AF-spouse,>50K
84,HS-grad,Male,Unmarried,Married-spouse-absent,>50K
2,1st-4th,Female,Other-relative,Divorced,>50K
69,5th-6th,Female,Other-relative,Married-spouse-absent,>50K
12,11th,Male,Husband,Widowed,<=50K
44,11th,Male,Wife,Never-married,<=50K
66,Masters,Male,Own-child,Separated,>50K
91,9th,Male,Other-relative,Never-married,>50K
85,5th-6th,Female,Other-relative,Separated,<=50K
39,Some-college,Female,Own-child,Married-civ-spouse,>50K
39,12th,Male,Not-in-family,Divorced,>50K
75,Preschool,Male,Own-child,Divorced,>50K
22,7th-8th,Male,Own-child,Never-married,<=50K
30,Some-college,Male,Not-in-family,Married-spouse-absent,<=50K
17,HS-grad,Female,Not-in-family,Divorced,>50K
70,Assoc-acdm,Female,Own-child,Separated,>50K
71,12th,Male,Own-child,Married-spouse-absent,>50K
18,HS-grad,Male,Unmarried,Separated,<=50K
92,12th,Female,Husband,Divorced,>50K
43,Doctorate,Male,Unmarried,Separated,>50K
83,Assoc-acdm,Male,Unmarried,Married-civ-spouse,>50K
49,1st-4th,Female,Wife,Separated,>50K
41,HS-grad,Male,Own-child,Never-married,<=50K
93,10th,Male,Unmarried,Married-civ-spouse,<=50K
46,Some-college,Female,Own-child,Never-married,<=50K
21,Assoc-acdm,Female,Unmarried,Separated,>50K
73,1st-4th,Male,Wife,Married-spouse-absent,>50K
89,11th,Male,Own-child,Never-married,<=50K
96,12th,Male,Husband,Married-spouse-absent,<=50K
91,11th,Male,Wife,Married-civ-spouse,>50K
73,5th-6th,Male,Not-in-family,Separated,>50K
28,Doctorate,Male,Husband,Married-spouse-absent,>50K
81,11th,Female,Other-relative,Never-married,<=50K
58,7th-8th,Male,Other-relative,Divorced,>50K
0,Assoc-acdm,Male,Unmarried,Married-civ-spouse,>50K
86,Masters,Female,Own-child,Married-civ-spouse,<=50K
63,12th,Male,Own-child,Married-spouse-absent,<=50K
16,9th,Male,Husband,Married-civ-spouse,<=50K
36,Prof-school,Female,Not-in-family,Separated,>50K
94,HS-grad,Male,Own-child,Married-civ-spouse,>50K
24,Preschool,Male,Other-relative,Married-AF-spouse,<=50K
63,Assoc-acdm,Male,Not-in-family,Separated,>50K
67,Assoc-acdm,Female,Not-in-family,Widowed,>50K
51,10th,Female,Wife,Married-civ-spouse,<=50K
8,7th-8th,Male,Husband,Married-AF-spouse,>50K
56,7th-8th,Female,Husband,Married-AF-spouse,>50K
91,7th-8th,Male,Husband,Married-AF-spouse,>50K
93,10th,Female,Other-relative,Separated,<=50K
87,Some-college,Male,Unmarried,Married-AF-spouse,<=50K
32,11th,Male,Husband,Never-married,>50K
19,11th,Female,Own-child,Never-married,<=50K
72,Some-college,Female,Own-child,Widowed,>50K
71,1st-4th,Female,Husband,Married-civ-spouse,<=50K
87,Doctorate,Female,Own-child,Married-civ-spouse,>50K
13,Some-college,Female,Wife,Married-AF-spouse,>50K
58,9th,Male,Unmarried,Widowed,>50K
81,Prof-school,Female,Other-relative,Married-civ-spouse,<=50K
55,1st-4th,Female,Unmarried,Separated,<=50K
64,5th-6th,Female,Not-in-family,Married-AF-spouse,<=50K
75,HS-grad,Female,Not-in-family,Divorced,<=50K
92,Prof-school,Male,Other-relative,Married-civ-spouse,>50K
36,5th-6th,Male,Unmarried,Widowed,>50K
25,HS-grad,Female,Husband,Married-AF-spouse,>50K
32,7th-8th,Female,Husband,Widowed,<=50K
42,7th-8th,Male,Wife,Married-civ-spouse,<=50K
14,Masters,Male,Other-relative,Married-AF-spouse,>50K
86,Bachelors,Male,Other-relative,Married-spouse-absent,<=50K
28,5th-6th,Male,Unmarried,Widowed,<=50K
20,Doctorate,Male,Other-relative,Married-civ-spouse,<=50K
82,11th,Male,Own-child,Divorced,>50K
68,12th,Female,Own-child,Married-AF-spouse,<=50K
22,Doctorate,Female,Not-in-family,Never-married,>50K
99,Masters,Female,Other-relative,Widowed,>50K
83,Assoc-acdm,Male,Unmarried,Widowed,<=50K
7,9th,Female,Not-in-family,Married-AF-spouse,<=50K
72,10th,Female,Wife,Married-spouse-absent,>50K
61,Assoc-voc,Female,Other-relative,Married-spouse-absent,>50K
13,Preschool,Male,Not-in-family,Married-spouse-absent,<=50K
5,Some-college,Male,Wife,Never-married,>50K
0,1st-4th,Male,Unmarried,Widowed,<=50K
8,Some-college,Female,Wife,Separated,<=50K
79,Masters,Male,Not-in-family,Widowed,>50K
79,7th-8th,Female,Other-relative,Married-AF-spouse,<=50K
53,5th-6th,Female,Unmarried,Separated,>50K
11,Assoc-voc,Female,Not-in-family,Never-married,>50K
4,12th,Male,Own-child,Married-spouse-absent,>50K
39,1st-4th,Male,Other-relative,Divorced,>50K
92,Prof-school,Female,Husband,Never-married,<=50K
45,12th,Female,Wife,Married-spouse-absent,>50K
26,HS-grad,Female,Wife,Married-spouse-absent,>50K
74,5th-6th,Female,Other-relative,Married-civ-spouse,>50K
52,Assoc-voc,Male,Husband,Never-married,<=50K
49,Some-college,Male,Other-relative,Separated,>50K
91,Preschool,Female,Wife,Married-AF-spouse,>50K
51,Prof-school,Male,Wife,Married-spouse-absent,>50K
99,9th,Female,Other-relative,Separated,<=50K
18,5th-6th,Male,Own-child,Separated,>50K
34,Bachelors,Female,Other-relative,Married-civ-spouse,<=50K
51,Some-college,Female,Unmarried,Married-civ-spouse,<=50K
30,5th-6th,Female,Other-relative,Never-married,>50K
53,1st-4th,Female,Wife,Married-AF-spouse,<=50K
58,10th,Male,Own-child,Never-married,>50K
43,1st-4th,Male,Other-relative,Married-spouse-absent,>50K
55,1st-4th,Female,Wife,Divorced,<=50K
18,Prof-school,Male,Other-relative,Widowed,>50K
45,5th-6th,Female,Unmarried,Married-spouse-absent,<=50K
87,Assoc-voc,Male,Own-child,Separated,<=50K
65,5th-6th,Female,Wife,Never-married,<=50K
70,1st-4th,Male,Own-child,Never-married,<=50K
53,Preschool,Female,Other-relative,Married-AF-spouse,<=50K
48,7th-8th,Female,Other-relative,Never-married,>50K
94,5th-6th,Female,Husband,Married-AF-spouse,<=50K
59,HS-grad,Female,Wife,Married-AF-spouse,>50K
80,Preschool,Female,Not-in-family,Never-married,>50K
26,Assoc-acdm,Male,Unmarried,Divorced,>50K
35,5th-6th,Male,Other-relative,Married-spouse-absent,>50K
58,Prof-school,Female,Wife,Never-married,>50K
49,Assoc-acdm,Female,Other-relative,Divorced,>50K
73,Doctorate,Male,Wife,Married-civ-spouse,>50K
44,Bachelors,Female,Not-in-family,Divorced,<=50K
13,11th,Female,Own-child,Never-married,>50K
70,7th-8th,Female,Unmarried,Widowed,>50K
38,Assoc-acdm,Female,Not-in-family,Widowed,<=50K
39,Preschool,Female,Unmarried,Never-married,<=50K
8,Assoc-acdm,Male,Wife,Divorced,>50K
13,5th-6th,Female,Unmarried,Never-married,>50K
7,5th-6th,Male,Own-child,Never-married,<=50K
80,Masters,Female,Husband,Widowed,<=50K
22,9th,Male,Unmarried,Divorced,<=50K
79,9th,Female,Husband,Widowed,>50K
89,12th,Male,Own-child,Widowed,<=50K
8,9th,Male,Not-in-family,Widowed,<=50K
99,HS-grad,Male,Other-relative,Married-spouse-absent,<=50K
6,9th,Female,Unmarried,Separated,<=50K
81,1st-4th,Male,Unmarried,Married-spouse-absent,>50K
71,12th,Male,Unmarried,Divorced,<=50K
84,1st-4th,Male,Unmarried,Never-married,<=50K
89,5th-6th,Male,Husband,Married-spouse-absent,>50K
66,12th,Male,Own-child,Widowed,>50K
60,Masters,Male,Husband,Divorced,>50K
16,7th-8th,Female,Wife,Divorced,<=50K
56,Prof-school,Male,Wife,Widowed,<=50K
23,Prof-school,Male,Not-in-family,Married-AF-spouse,>50K
24,Doctorate,Female,Not-in-family,Married-AF-spouse,>50K
4,11th,Male,Unmarried,Widowed,>50K
100,12th,Female,Wife,Married-AF-spouse,>50K
49,Preschool,Male,Husband,Married-civ-spouse,>50K
87,HS-grad,Female,Own-child,Never-married,>50K
30,Assoc-voc,Male,Wife,Married-civ-spouse,<=50K
54,7th-8th,Male,Wife,Separated,>50K
25,Masters,Female,Husband,Widowed,<=50K
20,Masters,Male,Wife,Divorced,<=50K
97,Doctorate,Male,Other-relative,Divorced,<=50K
57,10th,Female,Husband,Married-AF-spouse,>50K
23,12th,Male,Other-relative,Widowed,<=50K
27,Bachelors,Male,Husband,Never-married,<=50K
29,Assoc-voc,Male,Husband,Married-civ-spouse,>50K
33,Assoc-voc,Male,Husband,Married-civ-spouse,>50K
53,Some-college,Male,Wife,Never-married,<=50K
51,Masters,Female,Wife,Married-civ-spouse,>50K
86,5th-6th,Female,Own-child,Married-AF-spouse,>50K
7,Assoc-voc,Female,Not-in-family,Never-married,<=50K
9,Preschool,Female,Other-relative,Widowed,>50K
54,7th-8th,Female,Own-child,Married-civ-spouse,>50K
0,Some-college,Female,Other-relative,Never-married,<=50K
83,Some-college,Female,Husband,Married-AF-spouse,<=50K
36,HS-grad,Male,Unmarried,Separated,<=50K
81,Assoc-voc,Female,Own-child,Married-AF-spouse,>50K
20,10th,Female,Unmarried,Widowed,>50K
3,Preschool,Male,Unmarried,Never-married,>50K
42,Assoc-acdm,Female,Other-relative,Widowed,<=50K
65,HS-grad,Female,Other-relative,Never-married,>50K
20,7th-8th,Male,Wife,Married-civ-spouse,<=50K
36,Prof-school,Male,Husband,Married-civ-spouse,>50K
68,HS-grad,Female,Not-in-family,Married-AF-spouse,<=50K
80,11th,Female,Other-relative,Married-AF-spouse,>50K
47,Preschool,Male,Not-in-family,Never-married,<=50K
10,Bachelors,Male,Not-in-family,Never-married,>50K
94,1st-4th,Male,Not-in-family,Married-civ-spouse,<=50K
91,11th,Male,Not-in-family,Divorced,<=50K
43,5th-6th,Male,Unmarried,Married-AF-spouse,<=50K
63,12th,Male,Unmarried,Married-spouse-absent,>50K
31,Prof-school,Male,Unmarried,Widowed,>50K
20,9th,Male,Husband,Separated,>50K
70,9th,Male,Own-child,Never-married,<=50K
9,Preschool,Female,Other-relative,Married-civ-spouse,>50K
60,7th-8th,Female,Wife,Married-AF-spouse,>50K
91,9th,Male,Unmarried,Married-spouse-absent,<=50K
35,Assoc-voc,Female,Husband,Married-AF-spouse,<=50K
83,1st-4th,Male,Husband,Never-married,<=50K
76,Some-college,Male,Other-relative,Married-civ-spouse,>50K
18,Preschool,Male,Wife,Married-civ-spouse,>50K
74,11th,Female,Not-in-family,Divorced,<=50K
98,Preschool,Male,Husband,Never-married,<=50K
97,12th,Male,Own-child,Married-AF-spouse,>50K
43,Masters,Female,Own-child,Widowed,<=50K
3,Bachelors,Female,Own-child,Widowed,>50K
12,Assoc-voc,Female,Husband,Married-AF-spouse,<=50K
100,Doctorate,Female,Husband,Married-spouse-absent,<=50K
58,5th-6th,Male,Other-relative,Separated,<=50K
1,Assoc-acdm,Female,Husband,Divorced,<=50K
0,Doctorate,Male,Husband,Separated,>50K
39,7th-8th,Male,Own-child,Widowed,<=50K
24,HS-grad,Female,Other-relative,Widowed,<=50K
58,5th-6th,Female,Wife,Never-married,>50K
36,Assoc-voc,Male,Wife,Married-spouse-absent,>50K
99,10th,Female,Husband,Married-spouse-absent,<=50K
69,Assoc-acdm,Female,Own-child,Widowed,<=50K
6,7th-8th,Male,Other-relative,Married-spouse-absent,<=50K
3,10th,Female,Wife,Married-civ-spouse,>50K
98,9th,Female,Own-child,Married-spouse-absent,>50K
40,10th,Male,Husband,Married-civ-spouse,>50K
60,Masters,Male,Husband,Widowed,<=50K
33,Preschool,Female,Unmarried,Married-AF-spouse,>50K
28,Some-college,Female,Husband,Married-spouse-absent,<=50K
68,Preschool,Male,Own-child,Separated,>50K
26,Prof-school,Female,Husband,Separated,>50K
96,10th,Male,Not-in-family,Married-spouse-absent,<=50K
51,11th,Female,Unmarried,Married-spouse-absent,>50K
73,Bachelors,Female,Husband,Married-civ-spouse,<=50K
53,HS-grad,Male,Husband,Married-civ-spouse,>50K
69,9th,Male,Unmarried,Married-civ-spouse,>50K
33,1st-4th,Female,Not-in-family,Never-married,<=50K
7,Prof-school,Female,Other-relative,Widowed,>50K
94,Bachelors,Female,Unmarried,Married-civ-spouse,>50K
72,5th-6th,Female,Own-child,Married-civ-spouse,<=50K
84,Some-college,Male,Own-child,Never-married,<=50K
7,Preschool,Male,Not-in-family,Married-spouse-absent,>50K
67,1st-4th,Female,Husband,Divorced,<=50K
85,7th-8th,Female,Unmarried,Never-married,>50K
91,Masters,Male,Wife,Married-civ-spouse,<=50K
67,Doctorate,Male,Not-in-family,Never-married,>50K
84,HS-grad,Female,Unmarried,Widowed,>50K
71,Some-college,Female,Unmarried,Separated,>50K
83,Prof-school,Male,Not-in-family,Separated,>50K
95,12th,Male,Wife,Widowed,<=50K
0,5th-6th,Male,Own-child,Married-spouse-absent,>50K
5,5th-6th,Male,Other-relative,Married-civ-spouse,>50K
91,1st-4th,Male,Other-relative,Separated,<=50K
30,Doctorate,Female,Own-child,Never-married,>50K
73,1st-4th,Female,Husband,Widowed,>50K
83,1st-4th,Female,Other-relative,Married-civ-spouse,>50K
7,Bachelors,Female,Other-relative,Widowed,<=50K
21,7th-8th,Female,Husband,Married-spouse-absent,<=50K
92,Prof-school,Male,Other-relative,Married-civ-spouse,<=50K
8,HS-grad,Male,Own-child,Married-civ-spouse,>50K
43,Assoc-acdm,Male,Wife,Never-married,<=50K
46,12th,Male,Not-in-family,Married-AF-spouse,>50K
0,Doctorate,Female,Unmarried,Married-civ-spouse,>50K
51,10th,Female,Husband,Never-married,>50K
38,1st-4th,Male,Own-child,Never-married,<=50K
89,Assoc-voc,Male,Other-relative,Married-civ-spouse,<=50K
74,Prof-school,Female,Unmarried,Married-AF-spouse,<=50K
98,HS-grad,Female,Not-in-family,Married-spouse-absent,>50K
87,9th,Male,Not-in-family,Married-AF-spouse,<=50K
96,5th-6th,Female,Husband,Married-spouse-absent,<=50K
83,12th,Female,Husband,Divorced,<=50K
26,Preschool,Female,Other-relative,Separated,>50K
78,1st-4th,Female,Wife,Married-civ-spouse,<=50K
32,10th,Female,Not-in-family,Married-civ-spouse,>50K
70,Doctorate,Male,Own-child,Never-married,>50K
97,7th-8th,Male,Other-relative,Married-spouse-absent,>50K
44,Prof-school,Female,Not-in-family,Married-AF-spouse,>50K
59,5th-6th,Female,Other-relative,Married-AF-spouse,<=50K
57,Assoc-acdm,Male,Not-in-family,Married-civ-spouse,<=50K
50,Assoc-voc,Female,Wife,Married-spouse-absent,<=50K
45,Some-college,Male,Other-relative,Married-AF-spouse,<=50K
4,Assoc-voc,Male,Other-relative,Divorced,<=50K
57,7th-8th,Male,Not-in-family,Married-AF-spouse,<=50K
93,Prof-school,Male,Other-relative,Married-civ-spouse,>50K
91,5th-6th,Female,Own-child,Never-married,<=50K
17,5th-6th,Male,Wife,Married-spouse-absent,<=50K
35,Some-college,Male,Not-in-family,Widowed,>50K
66,1st-4th,Female,Husband,Separated,>50K
20,HS-grad,Male,Unmarried,Married-spouse-absent,<=50K
45,9th,Male,Not-in-family,Married-spouse-absent,>50K
57,1st-4th,Female,Own-child,Married-AF-spouse,<=50K
79,Assoc-voc,Male,Own-child,Separated,<=50K
36,7th-8th,Female,Husband,Married-spouse-absent,>50K
62,1st-4th,Female,Not-in-family,Divorced,>50K
4,Assoc-voc,Female,Not-in-family,Married-AF-spouse,>50K
77,10th,Female,Not-in-family,Married-civ-spouse,<=50K
30,Assoc-voc,Male,Own-child,Married-civ-spouse,<=50K
87,Doctorate,Male,Wife,Married-civ-spouse,<=50K
98,Doctorate,Male,Wife,Widowed,>50K
35,Bachelors,Male,Husband,Married-AF-spouse,>50K
73,Assoc-acdm,Male,Own-child,Married-spouse-absent,<=50K
90,Masters,Female,Unmarried,Separated,<=50K
55,Assoc-voc,Female,Other-relative,Married-spouse-absent,>50K
26,11th,Female,Husband,Married-civ-spouse,>50K
22,Assoc-acdm,Female,Wife,Separated,<=50K
76,Masters,Male,Unmarried,Married-civ-spouse,>50K
79,10th,Female,Husband,Married-civ-spouse,>50K
98,Preschool,Female,Husband,Divorced,<=50K
90,Some-college,Male,Own-child,Divorced,<=50K
51,7th-8th,Male,Not-in-family,Married-spouse-absent,>50K
46,Preschool,Male,Wife,Divorced,<=50K
80,Doctorate,Male,Wife,Separated,>50K
61,Some-college,Female,Not-in-family,Never-married,>50K
60,5th-6th,Male,Unmarried,Separated,<=50K
47,Bachelors,Female,Unmarried,Married-civ-spouse,>50K
0,Prof-school,Male,Unmarried,Married-AF-spouse,>50K
10,1st-4th,Female,Not-in-family,Married-civ-spouse,>50K
75,12th,Female,Own-child,Married-AF-spouse,>50K
13,Assoc-acdm,Male,Own-child,Divorced,>50K
71,Doctorate,Male,Other-relative,Married-civ-spouse,>50K
94,5th-6th,Female,Husband,Never-married,>50K
6,HS-grad,Female,Wife,Married-spouse-absent,>50K
45,12th,Male,Not-in-family,Married-spouse-absent,<=50K
30,12th,Female,Own-child,Separated,<=50K
15,9th,Female,Wife,Married-AF-spouse,>50K
41,Prof-school,Female,Other-relative,Widowed,>50K
38,Assoc-voc,Female,Unmarried,Married-spouse-absent,<=50K
53,Some-college,Male,Not-in-family,Divorced,>50K
43,11th,Male,Wife,Divorced,>50K
82,Prof-school,Female,Own-child,Widowed,<=50K
7,Assoc-acdm,Female,Unmarried,Married-civ-spouse,>50K
92,9th,Male,Other-relative,Divorced,>50K
65,5th-6th,Male,Husband,Divorced,>50K
41,Assoc-voc,Female,Husband,Married-spouse-absent,<=50K
66,12th,Female,Husband,Married-AF-spouse,<=50K
92,12th,Female,Own-child,Never-married,<=50K
78,1st-4th,Male,Not-in-family,Married-civ-spouse,>50K
91,Masters,Male,Other-relative,Separated,<=50K
100,Assoc-acdm,Female,Other-relative,Married-spouse-absent,>50K
31,5th-6th,Male,Other-relative,Married-civ-spouse,<=50K
93,5th-6th,Female,Wife,Widowed,<=50K
50,Assoc-voc,Male,Own-child,Married-spouse-absent,>50K
46,5th-6th,Female,Wife,Divorced,<=50K
93,Bachelors,Female,Own-child,Widowed,>50K
33,Assoc-acdm,Female,Unmarried,Separated,>50K
12,9th,Male,Own-child,Separated,>50K
96,11th,Female,Husband,Married-AF-spouse,>50K
80,5th-6th,Female,Not-in-family,Never-married,<=50K
66,Masters,Female,Wife,Married-civ-spouse,<=50K
72,11th,Male,Unmarried,Married-AF-spouse,>50K
10,Prof-school,Male,Husband,Separated,>50K
90,Bachelors,Female,Other-relative,Married-spouse-absent,<=50K
27,10th,Male,Unmarried,Married-civ-spouse,>50K
56,Doctorate,Male,Wife,Divorced,>50K
65,Some-college,Female,Own-child,Never-married,>50K
64,7th-8th,Female,Not-in-family,Divorced,>50K
69,HS-grad,Female,Husband,Married-AF-spouse,<=50K
88,Bachelors,Male,Not-in-family,Separated,<=50K
34,10th,Female,Wife,Divorced,>50K
79,10th,Male,Other-relative,Married-spouse-absent,<=50K
3,Doctorate,Female,Unmarried,Married-spouse-absent,>50K
60,Preschool,Female,Not-in-family,Married-civ-spouse,<=50K
37,5th-6th,Male,Unmarried,Never-married,<=50K
43,Some-college,Male,Not-in-family,Never-married,>50K
83,5th-6th,Female,Wife,Married-spouse-absent,<=50K
88,5th-6th,Female,Other-relative,Divorced,<=50K
70,Preschool,Female,Unmarried,Divorced,<=50K
20,Doctorate,Female,Not-in-family,Married-AF-spouse,<=50K
6,5th-6th,Male,Not-in-family,Married-civ-spouse,>50K
28,Prof-school,Female,Wife,Separated,<=50K
6,11th,Female,Unmarried,Separated,>50K
66,10th,Male,Not-in-family,Married-civ-spouse,<=50K
92,HS-grad,Male,Other-relative,Widowed,>50K
92,5th-6th,Female,Husband,Widowed,<=50K
69,Prof-school,Male,Wife,Separated,>50K
73,Masters,Male,Not-in-family,Married-spouse-absent,<=50K
100,1st-4th,Male,Wife,Never-married,<=50K
54,Bachelors,Female,Own-child,Widowed,<=50K
77,5th-6th,Female,Not-in-family,Married-AF-spouse,>50K
21,10th,Female,Husband,Never-married,>50K
31,Assoc-acdm,Male,Other-relative,Separated,>50K
81,Bachelors,Female,Own-child,Separated,>50K
35,Assoc-voc,Male,Wife,Separated,>50K
8,Doctorate,Female,Other-relative,Never-married,>50K
25,Masters,Female,Unmarried,Separated,<=50K
21,5th-6th,Female,Unmarried,Divorced,<=50K
45,7th-8th,Male,Wife,Divorced,>50K
86,9th,Male,Unmarried,Married-spouse-absent,<=50K
16,12th,Female,Unmarried,Married-civ-spouse,<=50K
25,9th,Female,Husband,Widowed,>50K
37,10th,Female,Own-child,Widowed,>50K
1,Some-college,Male,Not-in-family,Married-spouse-absent,>50K
5,HS-grad,Male,Own-child,Married-AF-spouse,<=50K
70,Assoc-acdm,Female,Wife,Never-married,<=50K
12,12th,Female,Husband,Widowed,>50K
90,7th-8th,Female,Other-relative,Divorced,<=50K
74,12th,Female,Wife,Married-civ-spouse,>50K
54,Assoc-acdm,Female,Own-child,Married-AF-spouse,>50K
78,Prof-school,Male,Husband,Divorced,>50K
62,HS-grad,Female,Husband,Separated,>50K
72,9th,Male,Own-child,Never-married,<=50K
71,9th,Male,Other-relative,Married-civ-spouse,>50K
45,5th-6th,Female,Not-in-family,Married-spouse-absent,>50K
5,1st-4th,Female,Other-relative,Married-AF-spouse,<=50K
47,1st-4th,Female,Other-relative,Never-married,<=50K
59,Doctorate,Female,Own-child,Married-spouse-absent,<=50K
42,7th-8th,Female,Husband,Widowed,<=50K
67,Assoc-acdm,Male,Husband,Widowed,<=50K
10,Preschool,Male,Not-in-family,Married-AF-spouse,<=50K
57,10th,Female,Not-in-family,Married-spouse-absent,>50K
91,11th,Male,Wife,Married-spouse-absent,<=50K
89,Masters,Male,Wife,Widowed,<=50K
3,7th-8th,Female,Husband,Separated,<=50K
78,Bachelors,Male,Wife,Married-spouse-absent,<=50K
82,Some-college,Male,Not-in-family,Divorced,>50K
69,7th-8th,Male,Other-relative,Married-AF-spouse,<=50K
58,Assoc-voc,Male,Wife,Married-civ-spouse,<=50K
4,1st-4th,Female,Wife,Married-civ-spouse,<=50K
17,Some-college,Female,Husband,Widowed,>50K
69,Assoc-acdm,Female,Own-child,Never-married,<=50K
63,Some-college,Female,Own-child,Divorced,>50K
94,Assoc-voc,Female,Unmarried,Married-spouse-absent,>50K
24,5th-6th,Male,Unmarried,Widowed,<=50K
3,Prof-school,Female,Other-relative,Married-AF-spouse,<=50K
69,9th,Male,Husband,Divorced,>50K
40,5th-6th,Male,Husband,Widowed,<=50K
36,5th-6th,Female,Other-relative,Married-spouse-absent,<=50K
58,11th,Female,Own-child,Married-spouse-absent,<=50K
49,Assoc-acdm,Female,Husband,Married-civ-spouse,<=50K
55,Assoc-acdm,Female,Not-in-family,Married-AF-spouse,<=50K
24,7th-8th,Female,Husband,Separated,>50K
33,10th,Male,Wife,Widowed,>50K
18,HS-grad,Male,Husband,Never-married,>50K
97,12th,Male,Own-child,Married-civ-spouse,<=50K
78,Bachelors,Female,Not-in-family,Widowed,<=50K
7,Some-college,Male,Unmarried,Married-spouse-absent,>50K
53,Bachelors,Female,Not-in-family,Never-married,<=50K
46,Prof-school,Male,Not-in-family,Widowed,<=50K
33,HS-grad,Female,Wife,Married-spouse-absent,>50K
81,10th,Male,Not-in-family,Widowed,<=50K
29,9th,Female,Husband,Married-civ-spouse,>50K
12,12th,Female,Own-child,Widowed,<=50K
46,10th,Male,Not-in-family,Married-spouse-absent,>50K
32,12th,Male,Not-in-family,Never-married,<=50K
34,Prof-school,Female,Husband,Married-spouse-absent,<=50K
87,1st-4th,Male,Other-relative,Married-civ-spouse,<=50K
25,HS-grad,Male,Not-in-family,Married-spouse-absent,<=50K
46,Doctorate,Male,Unmarried,Widowed,>50K
52,Bachelors,Male,Not-in-family,Never-married,<=50K
64,1st-4th,Female,Not-in-family,Divorced,<=50K
76,Masters,Male,Not-in-family,Divorced,<=50K
73,Doctorate,Female,Unmarried,Separated,<=50K
18,10th,Male,Unmarried,Separated,>50K
4,10th,Female,Unmarried,Married-civ-spouse,<=50K
7,Masters,Male,Unmarried,Married-AF-spouse,>50K
3,5th-6th,Male,Not-in-family,Widowed,>50K
48,Bachelors,Female,Husband,Married-spouse-absent,<=50K
76,7th-8th,Male,Own-child,Married-AF-spouse,>50K
37,Preschool,Male,Own-child,Married-spouse-absent,>50K
48,11th,Female,Not-in-family,Widowed,<=50K
82,Some-college,Female,Wife,Married-spouse-absent,<=50K
51,Preschool,Female,Own-child,Married-civ-spouse,>50K
49,9th,Female,Unmarried,Widowed,>50K
71,11th,Female,Wife,Married-civ-spouse,>50K
90,9th,Female,Husband,Married-AF-spouse,<=50K
49,11th,Male,Other-relative,Widowed,<=50K
29,12th,Male,Wife,Married-spouse-absent,<=50K
3,Bachelors,Male,Husband,Never-married,>50K
74,HS-grad,Male,Wife,Married-civ-spouse,>50K
84,Some-college,Male,Own-child,Widowed,<=50K
65,Preschool,Male,Unmarried,Widowed,>50K
20,5th-6th,Male,Husband,Widowed,>50K
80,10th,Female,Husband,Separated,>50K
42,Some-college,Male,Wife,Never-married,>50K
28,7th-8th,Female,Unmarried,Married-AF-spouse,>50K
26,Preschool,Male,Not-in-family,Divorced,>50K
87,Bachelors,Female,Husband,Married-spouse-absent,>50K
52,Bachelors,Male,Unmarried,Separated,<=50K
48,Prof-school,Male,Not-in-family,Separated,<=50K
66,Some-college,Male,Husband,Separated,<=50K
9,Assoc-voc,Female,Unmarried,Separated,>50K
2,12th,Male,Other-relative,Widowed,>50K
89,Masters,Male,Husband,Married-AF-spouse,<=50K
100,Assoc-acdm,Female,Own-child,Married-spouse-absent,>50K
90,Bachelors,Male,Unmarried,Separated,>50K
68,11th,Male,Wife,Married-AF-spouse,<=50K
10,Preschool,Male,Wife,Separated,<=50K
12,Bachelors,Male,Other-relative,Never-married,>50K
97,12th,Male,Not-in-family,Married-AF-spouse,<=50K
37,Prof-school,Female,Own-child,Married-civ-spouse,>50K
39,12th,Male,Other-relative,Divorced,<=50K
32,Some-college,Male,Not-in-family,Widowed,<=50K
33,HS-grad,Male,Wife,Married-spouse-absent,<=50K
26,Assoc-voc,Male,Unmarried,Divorced,>50K
99,Prof-school,Female,Other-relative,Divorced,<=50K
89,10th,Female,Own-child,Married-AF-spouse,>50K
50,12th,Female,Husband,Married-civ-spouse,<=50K
88,Masters,Male,Other-relative,Married-spouse-absent,>50K
82,11th,Female,Other-relative,Never-married,>50K
20,Masters,Female,Husband,Married-civ-spouse,<=50K
94,12th,Male,Unmarried,Separated,>50K
28,11th,Male,Wife,Widowed,<=50K
72,Masters,Female,Other-relative,Separated,>50K
18,Assoc-voc,Male,Other-relative,Divorced,<=50K
25,Assoc-voc,Female,Not-in-family,Never-married,<=50K
24,1st-4th,Female,Wife,Divorced,>50K
39,HS-grad,Female,Unmarried,Married-AF-spouse,<=50K
28,10th,Female,Wife,Widowed,>50K
24,9th,Male,Not-in-family,Widowed,>50K
18,10th,Male,Not-in-family,Separated,<=50K
67,Assoc-acdm,Male,Own-child,Married-spouse-absent,>50K
44,Preschool,Male,Other-relative,Married-civ-spouse,>50K
83,Prof-school,Female,Own-child,Never-married,>50K
45,Assoc-voc,Female,Own-child,Married-civ-spouse,<=50K
54,Preschool,Female,Other-relative,Married-civ-spouse,>50K
0,10th,Female,Wife,Divorced,>50K
10,Bachelors,Female,Other-relative,Widowed,>50K
67,Bachelors,Female,Husband,Widowed,<=50K
6,Preschool,Male,Wife,Separated,<=50K
91,Assoc-acdm,Female,Other-relative,Never-married,>50K
99,9th,Female,Not-in-family,Married-civ-spouse,<=50K
57,1st-4th,Male,Own-child,Never-married,<=50K
70,9th,Male,Unmarried,Widowed,<=50K
19,Prof-school,Female,Husband,Never-married,>50K
34,Preschool,Male,Wife,Separated,<=50K
50,10th,Female,Husband,Married-civ-spouse,>50K
20,5th-6th,Male,Unmarried,Widowed,<=50K
43,Some-college,Male,Other-relative,Never-married,<=50K
0,HS-grad,Male,Own-child,Never-married,<=50K
100,Prof-school,Male,Own-child,Married-civ-spouse,<=50K
66,11th,Male,Not-in-family,Married-civ-spouse,>50K
97,Assoc-acdm,Male,Other-relative,Married-civ-spouse,<=50K
12,7th-8th,Male,Other-relative,Divorced,<=50K
15,11th,Male,Wife,Married-civ-spouse,>50K
33,Prof-school,Male,Not-in-family,Separated,<=50K
23,Preschool,Female,Husband,Never-married,>50K
12,Doctorate,Female,Unmarried,Divorced,>50K
5,1st-4th,Female,Other-relative,Married-civ-spouse,<=50K
38,12th,Male,Unmarried,Widowed,<=50K
1,5th-6th,Female,Other-relative,Widowed,>50K
10,Preschool,Male,Not-in-family,Married-spouse-absent,<=50K
6,Doctorate,Male,Not-in-family,Divorced,>50K
6,Some-college,Male,Husband,Divorced,>50K
38,1st-4th,Male,Own-child,Married-AF-spouse,<=50K
75,Some-college,Female,Unmarried,Widowed,<=50K
85,5th-6th,Male,Other-relative,Divorced,<=50K
50,7th-8th,Male,Other-relative,Divorced,<=50K
51,Some-college,Female,Not-in-family,Never-married,>50K
2,Doctorate,Male,Other-relative,Married-AF-spouse,<=50K
76,HS-grad,Female,Unmarried,Widowed,>50K
29,Doctorate,Male,Own-child,Never-married,<=50K
9,10th,Male,Unmarried,Married-AF-spouse,<=50K
72,9th,Male,Own-child,Divorced,>50K
5,Assoc-acdm,Male,Own-child,Married-spouse-absent,>50K
53,12th,Male,Wife,Married-civ-spouse,<=50K
65,1st-4th,Female,Husband,Married-AF-spouse,>50K
43,Doctorate,Male,Unmarried,Married-AF-spouse,<=50K
79,Prof-school,Female,Own-child,Divorced,>50K
62,7th-8th,Female,Unmarried,Divorced,<=50K
76,Prof-school,Female,Not-in-family,Married-civ-spouse,<=50K
47,Bachelors,Female,Husband,Never-married,>50K
76,12th,Female,Husband,Married-AF-spouse,<=50K
21,Preschool,Female,Not-in-family,Divorced,>50K
18,Preschool,Male,Not-in-family,Divorced,>50K
89,Some-college,Female,Unmarried,Divorced,<=50K
13,Assoc-acdm,Male,Wife,Divorced,>50K
94,Bachelors,Male,Unmarried,Married-civ-spouse,>50K
92,10th,Male,Unmarried,Never-married,>50K
85,Assoc-acdm,Female,Own-child,Married-spouse-absent,<=50K
6,Bachelors,Male,Unmarried,Married-civ-spouse,>50K
100,Assoc-acdm,Male,Husband,Married-spouse-absent,<=50K
48,Assoc-voc,Female,Other-relative,Widowed,>50K
40,HS-grad,Female,Wife,Married-spouse-absent,>50K
26,12th,Female,Not-in-family,Married-civ-spouse,<=50K
30,12th,Male,Husband,Never-married,>50K
5,HS-grad,Female,Not-in-family,Never-married,<=50K
15,1st-4th,Female,Own-child,Married-AF-spouse,>50K
63,Some-college,Female,Unmarried,Never-married,<=50K
37,Preschool,Male,Own-child,Married-civ-spouse,<=50K
59,Bachelors,Male,Not-in-family,Married-civ-spouse,>50K
95,Assoc-acdm,Female,Unmarried,Separated,<=50K
96,9th,Female,Other-relative,Widowed,<=50K
80,Prof-school,Male,Other-relative,Married-civ-spouse,>50K
32,9th,Male,Unmarried,Separated,<=50K
62,9th,Female,Own-child,Married-spouse-absent,<=50K
10,Assoc-voc,Male,Not-in-family,Married-civ-spouse,<=50K
12,11th,Male,Wife,Separated,<=50K
93,HS-grad,Female,Own-child,Never-married,>50K
64,Preschool,Female,Husband,Married-AF-spouse,<=50K
29,1st-4th,Male,Husband,Married-spouse-absent,<=50K
90,Preschool,Male,Husband,Married-civ-spouse,>50K
22,5th-6th,Female,Not-in-family,Married-AF-spouse,>50K
19,9th,Female,Husband,Divorced,<=50K
5,Doctorate,Male,Husband,Widowed,>50K
36,7th-8th,Female,Unmarried,Married-spouse-absent,<=50K
83,9th,Female,Unmarried,Married-AF-spouse,<=50K
100,9th,Male,Unmarried,Married-spouse-absent,<=50K
5,Assoc-voc,Female,Not-in-family,Separated,<=50K
92,Preschool,Female,Husband,Married-civ-spouse,>50K
76,Bachelors,Female,Own-child,Separated,<=50K
26,Assoc-voc,Male,Husband,Married-spouse-absent,>50K
83,5th-6th,Female,Unmarried,Never-married,>50K
12,5th-6th,Female,Other-relative,Married-civ-spouse,>50K
7,Prof-school,Female,Husband,Married-civ-spouse,<=50K
52,1st-4th,Female,Unmarried,Married-AF-spouse,<=50K
80,7th-8th,Female,Husband,Married-AF-spouse,>50K
29,12th,Female,Other-relative,Widowed,>50K
0,Doctorate,Female,Not-in-family,Married-civ-spouse,>50K
87,Doctorate,Female,Wife,Married-AF-spouse,<=50K
79,5th-6th,Male,Wife,Never-married,>50K
74,Prof-school,Female,Husband,Married-spouse-absent,<=50K
3,Some-college,Female,Own-child,Divorced,<=50K
61,11th,Female,Husband,Married-spouse-absent,<=50K
67,Assoc-acdm,Female,Other-relative,Never-married,<=50K
16,Doctorate,Female,Husband,Separated,>50K
73,1st-4th,Female,Wife,Separated,<=50K
84,Some-college,Male,Husband,Married-AF-spouse,>50K
56,Assoc-acdm,Male,Husband,Divorced,<=50K
62,Prof-school,Male,Unmarried,Separated,>50K
56,Some-college,Female,Husband,Never-married,<=50K
48,Masters,Male,Unmarried,Divorced,>50K
17,5th-6th,Female,Not-in-family,Never-married,>50K
57,Prof-school,Female,Own-child,Married-civ-spouse,>50K
9,5th-6th,Male,Husband,Separated,>50K
62,1st-4th,Female,Unmarried,Married-AF-spouse,<=50K
79,Preschool,Male,Other-relative,Widowed,>50K
78,Masters,Male,Other-relative,Married-civ-spouse,<=50K
33,Prof-school,Male,Unmarried,Married-spouse-absent,<=50K
4,5th-6th,Male,Other-relative,Widowed,>50K
16,12th,Male,Other-relative,Widowed,>50K
100,Bachelors,Male,Husband,Married-civ-spouse,>50K
71,Masters,Male,Wife,Separated,<=50K
62,9th,Female,Wife,Married-spouse-absent,>50K
23,HS-grad,Female,Husband,Separated,>50K
91,Bachelors,Male,Husband,Separated,>50K
7,Prof-school,Male,Wife,Separated,<=50K
22,Doctorate,Female,Husband,Never-married,>50K
98,10th,Male,Husband,Married-AF-spouse,<=50K
30,Doctorate,Male,Wife,Widowed,<=50K
80,Masters,Female,Unmarried,Separated,>50K
27,Doctorate,Male,Not-in-family,Married-spouse-absent,>50K
47,12th,Female,Husband,Married-spouse-absent,<=50K
11,Prof-school,Female,Wife,Divorced,>50K
87,Masters,Female,Other-relative,Separated,>50K
78,12th,Female,Husband,Never-married,<=50K
30,5th-6th,Male,Husband,Separated,<=50K
90,9th,Male,Unmarried,Married-AF-spouse,>50K
34,Assoc-acdm,Male,Not-in-family,Widowed,<=50K
54,Some-college,Female,Husband,Married-spouse-absent,>50K
81,Assoc-voc,Female,Not-in-family,Married-civ-spouse,<=50K
35,HS-grad,Female,Wife,Widowed,<=50K
71,Some-college,Female,Wife,Separated,>50K
59,Assoc-voc,Male,Other-relative,Never-married,>50K
37,10th,Male,Own-child,Married-spouse-absent,<=50K
68,Assoc-acdm,Male,Unmarried,Separated,>50K
53,5th-6th,Male,Wife,Married-AF-spouse,>50K
13,5th-6th,Female,Other-relative,Widowed,<=50K
19,Assoc-acdm,Female,Husband,Widowed,<=50K
8,10th,Male,Husband,Divorced,<=50K
96,Preschool,Female,Wife,Married-civ-spouse,>50K
81,5th-6th,Male,Own-child,Widowed,<=50K
69,Assoc-acdm,Female,Other-relative,Married-spouse-absent,>50K
100,1st-4th,Female,Unmarried,Divorced,>50K
1,1st-4th,Female,Other-relative,Married-spouse-absent,>50K
29,HS-grad,Female,Own-child,Married-AF-spouse,<=50K
5,7th-8th,Female,Not-in-family,Married-civ-spouse,<=50K
80,1st-4th,Male,Unmarried,Divorced,>50K
40,Preschool,Female,Unmarried,Divorced,<=50K
22,9th,Female,Husband,Married-civ-spouse,<=50K
30,11th,Male,Unmarried,Married-AF-spouse,<=50K
19,Bachelors,Male,Unmarried,Married-civ-spouse,<=50K
4,11th,Male,Husband,Married-AF-spouse,<=50K
20,5th-6th,Female,Unmarried,Married-civ-spouse,<=50K
74,7th-8th,Female,Own-child,Married-spouse-absent,<=50K
67,5th-6th,Male,Unmarried,Married-AF-spouse,>50K
86,12th,Male,Wife,Married-spouse-absent,<=50K
60,Masters,Female,Unmarried,Never-married,<=50K
93,Assoc-voc,Female,Unmarried,Divorced,<=50K
41,12th,Female,Not-in-family,Divorced,<=50K
40,12th,Female,Not-in-family,Widowed,<=50K
60,Preschool,Female,Other-relative,Married-AF-spouse,>50K
81,1st-4th,Male,Own-child,Separated,<=50K
51,10th,Male,Not-in-family,Divorced,>50K
40,Preschool,Male,Other-relative,Never-married,<=50K
59,Preschool,Female,Own-child,Never-married,>50K
94,11th,Female,Other-relative,Married-civ-spouse,>50K
29,Preschool,Female,Not-in-family,Divorced,<=50K
97,1st-4th,Female,Not-in-family,Never-married,<=50K
94,HS-grad,Female,Husband,Married-civ-spouse,<=50K
37,9th,Male,Own-child,Widowed,>50K
88,9th,Male,Other-relative,Married-AF-spouse,<=50K
16,Prof-school,Female,Unmarried,Never-married,<=50K
99,9th,Female,Not-in-family,Divorced,>50K
39,12th,Male,Own-child,Widowed,>50K
29,11th,Male,Unmarried,Widowed,>50K
65,9th,Female,Not-in-family,Widowed,<=50K
23,7th-8th,Male,Wife,Divorced,>50K
72,Assoc-voc,Female,Unmarried,Married-civ-spouse,<=50K
0,Prof-school,Female,Not-in-family,Divorced,>50K
87,Doctorate,Male,Not-in-family,Married-civ-spouse,>50K
37,Preschool,Female,Other-relative,Divorced,>50K
63,1st-4th,Female,Unmarried,Separated,<=50K
26,10th,Female,Own-child,Married-civ-spouse,>50K
89,1st-4th,Male,Husband,Separated,<=50K
89,Preschool,Male,Other-relative,Married-AF-spouse,>50K
6,7th-8th,Female,Not-in-family,Divorced,>50K
88,1st-4th,Male,Own-child,Widowed,>50K
79,Doctorate,Female,Wife,Married-AF-spouse,>50K
41,Preschool,Female,Other-relative,Married-spouse-absent,>50K
17,10th,Male,Unmarried,Divorced,>50K
80,10th,Female,Own-child,Married-AF-spouse,>50K
43,Some-college,Male,Own-child,Married-AF-spouse,>50K
69,1st-4th,Female,Own-child,Widowed,>50K
19,1st-4th,Female,Husband,Widowed,>50K
22,5th-6th,Female,Husband,Married-spouse-absent,<=50K
11,10th,Female,Other-relative,Divorced,<=50K
11,Doctorate,Male,Other-relative,Married-civ-spouse,>50K
33,HS-grad,Female,Wife,Never-married,<=50K
7,7th-8th,Male,Not-in-family,Married-civ-spouse,<=50K
26,5th-6th,Male,Husband,Married-AF-spouse,>50K
48,7th-8th,Male,Other-relative,Married-spouse-absent,>50K
71,12th,Male,Husband,Divorced,>50K
54,Assoc-acdm,Female,Husband,Divorced,<=50K
96,Bachelors,Female,Husband,Divorced,>50K
100,10th,Male,Other-relative,Never-married,<=50K
82,Preschool,Male,Other-relative,Never-married,>50K
87,Bachelors,Male,Wife,Married-civ-spouse,<=50K
21,11th,Male,Own-child,Married-AF-spouse,>50K
2,Masters,Male,Unmarried,Married-civ-spouse,<=50K
8,10th,Female,Unmarried,Married-spouse-absent,<=50K
10,11th,Male,Own-child,Never-married,>50K
5,HS-grad,Male,Not-in-family,Separated,>50K
38,5th-6th,Female,Wife,Married-civ-spouse,>50K
38,12th,Female,Wife,Married-AF-spouse,>50K
100,Doctorate,Male,Husband,Widowed,<=50K
65,Some-college,Male,Own-child,Separated,<=50K
59,Assoc-acdm,Male,Husband,Married-civ-spouse,>50K
36,HS-grad,Female,Unmarried,Married-AF-spouse,<=50K
5,10th,Female,Unmarried,Separated,>50K
5,Prof-school,Male,Own-child,Widowed,>50K
38,5th-6th,Female,Unmarried,Widowed,>50K
35,10th,Male,Other-relative,Separated,<=50K
88,7th-8th,Female,Wife,Married-civ-spouse,<=50K
49,5th-6th,Female,Husband,Never-married,>50K
79,10th,Male,Wife,Married-civ-spouse,>50K
84,Assoc-voc,Male,Own-child,Never-married,<=50K
9,5th-6th,Female,Own-child,Divorced,<=50K
4,Assoc-voc,Male,Unmarried,Married-AF-spouse,>50K
49,Masters,Female,Not-in-family,Married-AF-spouse,>50K
24,Preschool,Female,Other-relative,Divorced,<=50K
94,9th,Male,Not-in-family,Divorced,<=50K
2,Doctorate,Female,Own-child,Widowed,<=50K
83,Assoc-acdm,Female,Wife,Married-AF-spouse,>50K
3,Doctorate,Female,Other-relative,Divorced,<=50K
77,Assoc-acdm,Male,Husband,Married-spouse-absent,>50K
11,9th,Female,Not-in-family,Widowed,<=50K
13,5th-6th,Male,Not-in-family,Married-spouse-absent,>50K
100,HS-grad,Male,Wife,Married-civ-spouse,<=50K
81,11th,Female,Own-child,Widowed,>50K
26,Bachelors,Male,Unmarried,Separated,<=50K
70,Bachelors,Male,Other-relative,Married-spouse-absent,<=50K
47,Prof-school,Male,Wife,Married-spouse-absent,>50K
98,Assoc-voc,Female,Own-child,Separated,<=50K
21,Assoc-acdm,Male,Other-relative,Married-spouse-absent,<=50K
20,11th,Male,Other-relative,Separated,>50K
42,Prof-school,Female,Husband,Married-spouse-absent,>50K
57,5th-6th,Male,Own-child,Divorced,<=50K
17,Doctorate,Male,Unmarried,Married-AF-spouse,>50K
89,Prof-school,Male,Own-child,Widowed,<=50K
85,10th,Female,Own-child,Separated,>50K
55,1st-4th,Male,Wife,Widowed,<=50K
100,7th-8th,Male,Unmarried,Divorced,>50K
68,7th-8th,Male,Unmarried,Married-civ-spouse,>50K
98,11th,Female,Not-in-family,Separated,<=50K
11,HS-grad,Female,Not-in-family,Separated,<=50K
98,Prof-school,Female,Husband,Never-married,>50K
97,10th,Male,Husband,Married-spouse-absent,>50K
19,11th,Female,Unmarried,Widowed,>50K
11,5th-6th,Male,Other-relative,Separated,<=50K
97,Assoc-voc,Male,Other-relative,Widowed,<=50K
25,Assoc-acdm,Female,Own-child,Never-married,<=50K
97,Preschool,Male,Not-in-family,Married-AF-spouse,<=50K
95,Preschool,Male,Husband,Never-married,>50K
45,Assoc-acdm,Male,Unmarried,Never-married,<=50K
6,11th,Male,Own-child,Married-AF-spouse,<=50K
89,5th-6th,Female,Wife,Divorced,>50K
88,HS-grad,Male,Own-child,Never-married,<=50K
38,Preschool,Male,Not-in-family,Separated,>50K
51,Some-college,Male,Other-relative,Married-civ-spouse,<=50K
16,Assoc-acdm,Male,Own-child,Married-spouse-absent,>50K
23,Doctorate,Male,Not-in-family,Married-AF-spouse,>50K
90,12th,Male,Wife,Divorced,>50K
3,10th,Female,Own-child,Married-AF-spouse,>50K
90,Doctorate,Male,Wife,Never-married,<=50K
46,Masters,Male,Not-in-family,Never-married,>50K
29,Doctorate,Male,Not-in-family,Divorced,>50K
2,5th-6th,Male,Not-in-family,Married-AF-spouse,<=50K
5,9th,Female,Other-relative,Divorced,>50K
71,5th-6th,Female,Unmarried,Married-AF-spouse,>50K
15,11th,Female,Not-in-family,Separated,<=50K
78,Preschool,Male,Husband,Separated,<=50K
35,HS-grad,Female,Own-child,Widowed,>50K
52,Assoc-acdm,Male,Other-relative,Married-civ-spouse,>50K
7,Preschool,Male,Unmarried,Separated,<=50K
51,Bachelors,Female,Wife,Separated,>50K
51,Preschool,Male,Wife,Married-AF-spouse,>50K
29,11th,Male,Husband,Widowed,>50K
55,1st-4th,Male,Own-child,Divorced,<=50K
11,Assoc-acdm,Female,Other-relative,Divorced,<=50K
67,Preschool,Male,Husband,Married-spouse-absent,>50K
77,Masters,Male,Other-relative,Divorced,>50K
55,Assoc-voc,Male,Own-child,Divorced,>50K
88,Some-college,Female,Other-relative,Separated,>50K
68,1st-4th,Male,Wife,Married-AF-spouse,<=50K
86,1st-4th,Female,Husband,Widowed,>50K
57,Prof-school,Female,Wife,Separated,>50K
93,Prof-school,Male,Own-child,Divorced,<=50K
11,11th,Female,Husband,Divorced,>50K
78,Assoc-acdm,Female,Other-relative,Married-spouse-absent,>50K
82,Assoc-acdm,Female,Husband,Never-married,>50K
89,Prof-school,Male,Unmarried,Divorced,>50K
3,5th-6th,Female,Unmarried,Married-civ-spouse,<=50K
37,HS-grad,Male,Own-child,Married-spouse-absent,<=50K
7,Doctorate,Female,Own-child,Widowed,<=50K
29,Prof-school,Female,Husband,Never-married,<=50K
78,Bachelors,Male,Other-relative,Married-AF-spouse,>50K
11,12th,Female,Unmarried,Separated,>50K
73,HS-grad,Female,Own-child,Divorced,>50K
11,Masters,Male,Husband,Married-civ-spouse,>50K
16,Preschool,Female,Other-relative,Separated,<=50K
60,Masters,Female,Own-child,Divorced,>50K
63,HS-grad,Female,Not-in-family,Never-married,>50K
59,5th-6th,Male,Unmarried,Divorced,<=50K
1,Masters,Female,Own-child,Married-AF-spouse,>50K
18,9th,Male,Other-relative,Divorced,<=50K
53,Masters,Male,Other-relative,Married-civ-spouse,<=50K
28,Doctorate,Female,Wife,Married-spouse-absent,>50K
64,Doctorate,Female,Husband,Separated,>50K
85,1st-4th,Female,Husband,Married-AF-spouse,<=50K
88,Some-college,Female,Unmarried,Separated,>50K
73,Assoc-acdm,Female,Unmarried,Divorced,<=50K
8,7th-8th,Male,Other-relative,Widowed,<=50K
82,Prof-school,Female,Husband,Married-civ-spouse,>50K
11,Doctorate,Female,Other-relative,Married-spouse-absent,<=50K
92,5th-6th,Male,Other-relative,Divorced,>50K
51,Some-college,Female,Own-child,Separated,>50K
81,Some-college,Male,Unmarried,Divorced,<=50K
55,7th-8th,Female,Unmarried,Widowed,<=50K
15,9th,Male,Husband,Never-married,<=50K
3,12th,Male,Husband,Married-AF-spouse,>50K
88,Preschool,Male,Own-child,Widowed,<=50K
85,Some-college,Female,Husband,Widowed,<=50K
28,Bachelors,Female,Not-in-family,Widowed,<=50K
58,Masters,Female,Other-relative,Married-spouse-absent,<=50K
85,HS-grad,Male,Own-child,Widowed,>50K
78,Preschool,Male,Other-relative,Divorced,>50K
65,Assoc-acdm,Male,Wife,Married-civ-spouse,>50K
76,7th-8th,Male,Own-child,Married-AF-spouse,<=50K
11,Assoc-acdm,Male,Not-in-family,Separated,<=50K
25,Masters,Male,Wife,Married-AF-spouse,>50K
11,9th,Female,Own-child,Never-married,>50K
90,Some-college,Male,Husband,Married-civ-spouse,>50K
34,7th-8th,Male,Wife,Separated,>50K
1,12th,Female,Unmarried,Never-married,<=50K
16,5th-6th,Female,Husband,Widowed,>50K
1,11th,Female,Own-child,Separated,<=50K
16,Doctorate,Female,Husband,Married-spouse-absent,<=50K
33,Masters,Female,Husband,Divorced,>50K
33,11th,Female,Husband,Separated,<=50K
44,Doctorate,Male,Unmarried,Never-married,<=50K
40,1st-4th,Female,Husband,Married-spouse-absent,<=50K
72,12th,Female,Unmarried,Divorced,>50K
77,HS-grad,Male,Own-child,Married-spouse-absent,>50K
83,HS-grad,Male,Not-in-family,Married-civ-spouse,<=50K
32,Prof-school,Female,Unmarried,Married-AF-spouse,<=50K
23,7th-8th,Male,Husband,Married-civ-spouse,<=50K
68,1st-4th,Male,Unmarried,Divorced,>50K
31,Prof-school,Female,Wife,Widowed,>50K
22,Assoc-acdm,Male,Own-child,Married-civ-spouse,>50K
64,Prof-school,Male,Husband,Divorced,<=50K
31,Masters,Female,Wife,Widowed,<=50K
79,5th-6th,Female,Wife,Married-AF-spouse,>50K
83,10th,Female,Unmarried,Married-civ-spouse,<=50K
15,12th,Female,Wife,Married-AF-spouse,<=50K
51,11th,Male,Husband,Married-AF-spouse,>50K
12,11th,Male,Other-relative,Married-civ-spouse,<=50K
45,9th,Female,Wife,Married-civ-spouse,>50K
10,Prof-school,Male,Wife,Divorced,>50K
80,Assoc-voc,Male,Unmarried,Widowed,<=50K
70,11th,Male,Husband,Separated,<=50K
21,10th,Female,Other-relative,Widowed,>50K
94,9th,Female,Not-in-family,Separated,>50K
67,9th,Male,Own-child,Married-civ-spouse,<=50K
80,Doctorate,Male,Not-in-family,Separated,<=50K
64,5th-6th,Male,Not-in-family,Married-spouse-absent,<=50K
1,10th,Male,Husband,Married-civ-spouse,<=50K
50,HS-grad,Female,Husband,Married-spouse-absent,<=50K
96,12th,Male,Wife,Separated,>50K
82,Some-college,Male,Own-child,Divorced,>50K
82,Masters,Female,Unmarried,Married-AF-spouse,<=50K
57,Assoc-voc,Male,Husband,Married-AF-spouse,<=50K
22,12th,Male,Husband,Widowed,>50K
15,9th,Male,Wife,Never-married,<=50K
15,12th,Male,Own-child,Divorced,<=50K
28,1st-4th,Female,Other-relative,Divorced,<=50K
71,Prof-school,Male,Unmarried,Married-AF-spouse,<=50K
27,11th,Female,Own-child,Married-AF-spouse,>50K
88,5th-6th,Male,Own-child,Separated,<=50K
57,Bachelors,Female,Wife,Divorced,>50K
58,5th-6th,Male,Other-relative,Married-AF-spouse,>50K
88,Doctorate,Female,Not-in-family,Married-AF-spouse,<=50K
76,11th,Male,Husband,Separated,<=50K
13,1st-4th,Male,Not-in-family,Never-married,<=50K
18,1st-4th,Male,Not-in-family,Separated,>50K
78,11th,Male,Not-in-family,Married-spouse-absent,>50K
78,10th,Male,Wife,Widowed,>50K
20,Doctorate,Female,Unmarried,Separated,<=50K
71,Assoc-acdm,Female,Other-relative,Married-spouse-absent,>50K
55,7th-8th,Female,Own-child,Divorced,<=50K
44,Doctorate,Female,Not-in-family,Divorced,>50K
91,HS-grad,Male,Unmarried,Married-spouse-absent,>50K
44,HS-grad,Male,Wife,Divorced,>50K
15,HS-grad,Female,Unmarried,Married-civ-spouse,<=50K
87,12th,Male,Other-relative,Never-married,>50K
75,Bachelors,Female,Wife,Widowed,<=50K
77,HS-grad,Male,Own-child,Married-AF-spouse,<=50K
29,Preschool,Male,Husband,Widowed,>50K
95,Assoc-voc,Female,Husband,Separated,<=50K
82,Preschool,Male,Own-child,Never-married,<=50K
4,Preschool,Male,Other-relative,Divorced,>50K
28,Bachelors,Male,Wife,Never-married,<=50K
65,Assoc-acdm,Female,Husband,Married-civ-spouse,>50K
49,5th-6th,Male,Other-relative,Married-civ-spouse,<=50K
49,Some-college,Female,Other-relative,Separated,<=50K
87,Doctorate,Female,Not-in-family,Divorced,<=50K
57,Preschool,Female,Other-relative,Widowed,>50K
80,10th,Female,Wife,Divorced,>50K
41,7th-8th,Female,Husband,Married-civ-spouse,>50K
90,1st-4th,Male,Husband,Married-spouse-absent,>50K
66,Some-college,Male,Not-in-family,Never-married,>50K
47,Assoc-acdm,Male,Own-child,Married-civ-spouse,>50K
17,7th-8th,Male,Husband,Never-married,>50K
20,Preschool,Male,Other-relative,Separated,<=50K
38,1st-4th,Female,Not-in-family,Married-civ-spouse,<=50K
64,HS-grad,Male,Unmarried,Married-AF-spouse,>50K
6,Preschool,Male,Own-child,Separated,<=50K
22,9th,Female,Wife,Married-spouse-absent,<=50K
79,Some-college,Male,Own-child,Married-spouse-absent,<=50K
74,1st-4th,Female,Husband,Divorced,<=50K
34,10th,Female,Husband,Separated,<=50K
40,Doctorate,Male,Not-in-family,Married-civ-spouse,>50K
38,10th,Male,Husband,Never-married,>50K
21,Bachelors,Male,Own-child,Never-married,<=50K
34,Some-college,Female,Other-relative,Separated,>50K
32,Assoc-acdm,Female,Not-in-family,Married-civ-spouse,<=50K
42,Doctorate,Female,Unmarried,Divorced,<=50K
44,HS-grad,Male,Unmarried,Married-spouse-absent,>50K
99,HS-grad,Female,Other-relative,Widowed,<=50K
41,Masters,Female,Other-relative,Married-spouse-absent,>50K
27,HS-grad,Male,Unmarried,Divorced,>50K
48,Prof-school,Male,Not-in-family,Married-AF-spouse,<=50K
10,Assoc-acdm,Female,Own-child,Married-civ-spouse,>50K
68,Prof-school,Male,Not-in-family,Widowed,<=50K
17,Bachelors,Female,Other-relative,Never-married,>50K
3,Assoc-voc,Female,Wife,Never-married,>50K
94,5th-6th,Female,Not-in-family,Married-AF-spouse,>50K
87,Assoc-acdm,Male,Husband,Married-AF-spouse,>50K
29,5th-6th,Male,Unmarried,Never-married,<=50K
30,9th,Female,Not-in-family,Married-civ-spouse,<=50K
75,Doctorate,Female,Wife,Married-civ-spouse,<=50K
66,11th,Female,Husband,Separated,>50K
93,Masters,Female,Own-child,Widowed,>50K
60,Prof-school,Male,Not-in-family,Separated,>50K
7,Assoc-acdm,Male,Unmarried,Widowed,<=50K
51,Assoc-acdm,Male,Husband,Divorced,<=50K
73,11th,Male,Not-in-family,Divorced,>50K
87,HS-grad,Male,Husband,Never-married,>50K
64,Prof-school,Female,Husband,Married-civ-spouse,<=50K
17,12th,Male,Husband,Separated,>50K
40,Assoc-voc,Female,Wife,Never-married,>50K
21,7th-8th,Female,Not-in-family,Married-AF-spouse,<=50K
94,7th-8th,Female,Other-relative,Separated,<=50K
26,5th-6th,Female,Husband,Married-civ-spouse,<=50K
15,Preschool,Female,Not-in-family,Married-civ-spouse,<=50K
17,5th-6th,Female,Husband,Divorced,<=50K
10,9th,Female,Unmarried,Married-AF-spouse,>50K
17,11th,Female,Not-in-family,Widowed,<=50K
3,5th-6th,Male,Not-in-family,Widowed,>50K
73,Doctorate,Male,Unmarried,Married-civ-spouse,<=50K
29,5th-6th,Female,Not-in-family,Married-civ-spouse,>50K
67,7th-8th,Female,Husband,Married-AF-spouse,<=50K
71,12th,Female,Wife,Married-AF-spouse,>50K
80,Prof-school,Female,Not-in-family,Married-AF-spouse,<=50K
98,12th,Male,Unmarried,Never-married,>50K
4,Bachelors,Male,Wife,Married-civ-spouse,<=50K
61,5th-6th,Male,Not-in-family,Widowed,<=50K
90,Preschool,Female,Other-relative,Married-spouse-absent,>50K
100,Masters,Female,Husband,Never-married,<=50K
6,Bachelors,Female,Other-relative,Married-AF-spouse,>50K
32,Some-college,Male,Own-child,Married-AF-spouse,<=50K
81,Assoc-voc,Male,Other-relative,Divorced,<=50K
37,Assoc-voc,Male,Own-child,Widowed,>50K
27,10th,Female,Wife,Never-married,<=50K
51,9th,Male,Unmarried,Never-married,<=50K
78,5th-6th,Female,Not-in-family,Married-civ-spouse,<=50K
59,10th,Female,Own-child,Never-married,<=50K
86,7th-8th,Female,Other-relative,Separated,<=50K
95,11th,Male,Own-child,Married-spouse-absent,>50K
8,5th-6th,Female,Not-in-family,Married-AF-spouse,<=50K
56,12th,Female,Not-in-family,Separated,<=50K
29,Doctorate,Male,Unmarried,Divorced,<=50K
28,Some-college,Female,Not-in-family,Married-AF-spouse,<=50K
95,10th,Female,Own-child,Married-spouse-absent,>50K
34,10th,Female,Not-in-family,Married-civ-spouse,<=50K
58,12th,Female,Husband,Married-spouse-absent,<=50K
81,HS-grad,Male,Own-child,Married-civ-spouse,<=50K
92,Assoc-voc,Female,Wife,Never-married,<=50K
16,12th,Female,Unmarried,Married-civ-spouse,<=50K
72,12th,Female,Own-child,Divorced,<=50K
59,1st-4th,Male,Not-in-family,Separated,<=50K
7,Assoc-voc,Male,Unmarried,Married-spouse-absent,>50K
12,HS-grad,Female,Unmarried,Widowed,>50K
32,Some-college,Female,Other-relative,Separated,<=50K
84,Bachelors,Female,Wife,Widowed,<=50K
75,Assoc-voc,Male,Other-relative,Married-AF-spouse,>50K
93,1st-4th,Male,Husband,Married-AF-spouse,>50K
40,7th-8th,Female,Husband,Separated,>50K
0,9th,Female,Not-in-family,Married-AF-spouse,<=50K
84,Some-college,Male,Husband,Separated,>50K
92,11th,Female,Unmarried,Married-AF-spouse,>50K
77,Bachelors,Male,Other-relative,Separated,>50K
37,1st-4th,Male,Not-in-family,Never-married,<=50K
47,7th-8th,Male,Husband,Divorced,<=50K
61,Assoc-acdm,Female,Not-in-family,Married-AF-spouse,<=50K
50,5th-6th,Male,Unmarried,Divorced,>50K
68,Some-college,Male,Other-relative,Married-civ-spouse,>50K
76,Masters,Female,Unmarried,Married-civ-spouse,>50K
57,7th-8th,Female,Own-child,Married-civ-spouse,>50K
4,Prof-school,Male,Husband,Divorced,<=50K
36,Preschool,Male,Husband,Divorced,<=50K
80,10th,Male,Wife,Divorced,>50K
82,Doctorate,Male,Husband,Married-civ-spouse,<=50K
37,1st-4th,Male,Not-in-family,Never-married,<=50K
94,Bachelors,Male,Not-in-family,Married-AF-spouse,<=50K
35,Prof-school,Female,Other-relative,Married-AF-spouse,>50K
48,Assoc-voc,Male,Unmarried,Separated,>50K
0,Preschool,Male,Not-in-family,Married-AF-spouse,>50K
49,11th,Female,Wife,Divorced,<=50K
57,Prof-school,Female,Unmarried,Widowed,>50K
9,7th-8th,Male,Unmarried,Divorced,<=50K
50,Assoc-voc,Male,Unmarried,Married-spouse-absent,<=50K
97,Assoc-acdm,Female,Other-relative,Divorced,<=50K
48,Bachelors,Female,Husband,Separated,<=50K
12,Some-college,Male,Not-in-family,Widowed,>50K
70,1st-4th,Female,Husband,Married-AF-spouse,>50K
36,11th,Female,Own-child,Married-civ-spouse,<=50K
99,Prof-school,Male,Unmarried,Widowed,<=50K
36,12th,Female,Own-child,Married-spouse-absent,<=50K
30,Assoc-acdm,Male,Husband,Separated,>50K
19,1st-4th,Male,Not-in-family,Married-AF-spouse,<=50K
38,7th-8th,Male,Unmarried,Never-married,<=50K
44,9th,Male,Own-child,Separated,<=50K
35,12th,Female,Other-relative,Divorced,>50K
14,Bachelors,Male,Own-child,Widowed,>50K
29,Masters,Male,Unmarried,Married-civ-spouse,<=50K
51,Prof-school,Female,Wife,Separated,>50K
60,9th,Female,Unmarried,Married-spouse-absent,<=50K
81,12th,Male,Other-relative,Separated,<=50K
67,12th,Male,Other-relative,Married-spouse-absent,>50K
29,Preschool,Female,Own-child,Married-spouse-absent,>50K
27,HS-grad,Male,Husband,Widowed,>50K
3,7th-8th,Female,Husband,Separated,>50K
33,11th,Female,Own-child,Married-spouse-absent,<=50K
51,7th-8th,Female,Husband,Married-civ-spouse,<=50K
27,Doctorate,Female,Husband,Divorced,<=50K
100,7th-8th,Female,Wife,Never-married,<=50K
56,Assoc-voc,Female,Own-child,Separated,<=50K
21,10th,Female,Not-in-family,Married-spouse-absent,>50K
39,12th,Female,Wife,Divorced,>50K
74,Doctorate,Male,Own-child,Married-spouse-absent,<=50K
29,Masters,Male,Husband,Divorced,<=50K
29,Assoc-acdm,Female,Husband,Widowed,<=50K
61,Masters,Male,Not-in-family,Separated,>50K
58,Assoc-voc,Male,Husband,Married-spouse-absent,<=50K
24,Preschool,Male,Not-in-family,Widowed,<=50K
16,12th,Female,Husband,Married-AF-spouse,>50K
64,Assoc-voc,Male,Unmarried,Never-married,<=50K
100,11th,Female,Unmarried,Never-married,<=50K
98,Assoc-voc,Male,Husband,Widowed,>50K
13,5th-6th,Female,Not-in-family,Separated,<=50K
1,7th-8th,Female,Not-in-family,Married-AF-spouse,<=50K
2,9th,Female,Wife,Married-AF-spouse,>50K
66,Masters,Male,Unmarried,Married-spouse-absent,>50K
19,Prof-school,Female,Other-relative,Separated,<=50K
76,Preschool,Male,Other-relative,Divorced,<=50K
30,Bachelors,Male,Wife,Widowed,>50K
39,11th,Female,Not-in-family,Married-AF-spouse,<=50K
85,Prof-school,Female,Husband,Separated,>50K
77,10th,Female,Unmarried,Never-married,>50K
49,Some-college,Male,Own-child,Married-civ-spouse,>50K
26,9th,Male,Husband,Married-spouse-absent,>50K
12,11th,Male,Not-in-family,Married-AF-spouse,<=50K
64,Assoc-voc,Female,Other-relative,Married-civ-spouse,<=50K
1,Prof-school,Female,Unmarried,Never-married,>50K
36,Masters,Female,Other-relative,Married-civ-spouse,>50K
10,Assoc-voc,Male,Not-in-family,Married-AF-spouse,<=50K
32,Masters,Female,Other-relative,Divorced,<=50K
28,HS-grad,Male,Other-relative,Married-civ-spouse,>50K
58,1st-4th,Female,Not-in-family,Separated,<=50K
66,9th,Male,Own-child,Never-married,<=50K
92,Some-college,Female,Not-in-family,Married-spouse-absent,>50K
65,Masters,Female,Other-relative,Never-married,>50K
77,Preschool,Male,Not-in-family,Married-AF-spouse,<=50K
83,11th,Female,Not-in-family,Separated,>50K
47,5th-6th,Female,Own-child,Never-married,>50K
81,Preschool,Male,Wife,Married-civ-spouse,<=50K
36,Preschool,Male,Not-in-family,Married-civ-spouse,>50K
71,HS-grad,Male,Not-in-family,Divorced,<=50K
53,5th-6th,Male,Husband,Widowed,>50K
70,Preschool,Female,Unmarried,Separated,<=50K
9,Prof-school,Female,Unmarried,Separated,>50K
15,Preschool,Female,Unmarried,Married-spouse-absent,<=50K
18,5th-6th,Female,Other-relative,Married-spouse-absent,>50K
29,Masters,Male,Unmarried,Married-spouse-absent,>50K
53,9th,Male,Unmarried,Married-AF-spouse,<=50K
60,9th,Female,Husband,Separated,<=50K
42,Assoc-acdm,Male,Own-child,Divorced,>50K
82,Doctorate,Female,Unmarried,Married-spouse-absent,>50K
2,Doctorate,Female,Husband,Married-civ-spouse,>50K
29,Masters,Female,Husband,Widowed,>50K
17,Assoc-voc,Female,Not-in-family,Married-spouse-absent,>50K
35,10th,Female,Unmarried,Married-spouse-absent,>50K
19,9th,Female,Other-relative,Separated,<=50K
16,5th-6th,Female,Husband,Widowed,>50K
23,1st-4th,Male,Husband,Never-married,<=50K
12,10th,Female,Husband,Never-married,>50K
99,Bachelors,Female,Husband,Widowed,>50K
56,Prof-school,Male,Wife,Married-civ-spouse,<=50K
66,1st-4th,Male,Husband,Married-AF-spouse,<=50K
20,Preschool,Male,Own-child,Married-spouse-absent,>50K
3,Bachelors,Male,Own-child,Married-civ-spouse,>50K
81,Bachelors,Female,Other-relative,Married-AF-spouse,<=50K
44,Bachelors,Male,Unmarried,Married-civ-spouse,>50K
38,9th,Male,Unmarried,Widowed,<=50K
42,5th-6th,Male,Other-relative,Married-spouse-absent,<=50K
74,1st-4th,Female,Unmarried,Married-civ-spouse,>50K
37,Some-college,Female,Husband,Married-civ-spouse,>50K
40,Some-college,Female,Unmarried,Widowed,>50K
27,Doctorate,Male,Unmarried,Divorced,>50K
4,Preschool,Female,Own-child,Married-civ-spouse,<=50K
51,11th,Female,Other-relative,Never-married,>50K
22,Prof-school,Male,Unmarried,Married-AF-spouse,<=50K
37,Bachelors,Male,Not-in-family,Married-AF-spouse,<=50K
35,Assoc-voc,Male,Husband,Widowed,>50K
30,HS-grad,Male,Husband,Divorced,>50K
7,5th-6th,Male,Husband,Separated,<=50K
88,Doctorate,Male,Not-in-family,Married-spouse-absent,<=50K
88,Doctorate,Male,Wife,Separated,<=50K
15,Prof-school,Male,Other-relative,Married-spouse-absent,<=50K
10,10th,Female,Wife,Divorced,<=50K
19,Bachelors,Female,Own-child,Separated,<=50K
77,Assoc-voc,Male,Wife,Never-married,<=50K
56,10th,Male,Not-in-family,Married-civ-spouse,<=50K
18,Assoc-acdm,Female,Own-child,Widowed,>50K
71,1st-4th,Male,Husband,Married-spouse-absent,<=50K
60,Assoc-voc,Male,Unmarried,Separated,>50K
24,Prof-school,Male,Other-relative,Married-spouse-absent,>50K
32,Doctorate,Male,Husband,Married-AF-spouse,<=50K
39,Bachelors,Female,Unmarried,Married-civ-spouse,<=50K
100,5th-6th,Male,Unmarried,Divorced,>50K
16,5th-6th,Female,Husband,Divorced,>50K
52,Doctorate,Male,Other-relative,Widowed,<=50K
90,9th,Female,Other-relative,Never-married,>50K
80,12th,Female,Not-in-family,Never-married,>50K
46,10th,Male,Husband,Divorced,>50K
96,7th-8th,Female,Not-in-family,Married-spouse-absent,>50K
94,Some-college,Female,Wife,Married-AF-spouse,<=50K
84,11th,Female,Wife,Married-spouse-absent,<=50K
23,10th,Female,Husband,Married-spouse-absent,<=50K
15,5th-6th,Female,Not-in-family,Married-spouse-absent,<=50K
44,5th-6th,Male,Other-relative,Married-civ-spouse,>50K
83,12th,Male,Husband,Divorced,>50K
55,5th-6th,Female,Other-relative,Separated,>50K
98,Some-college,Female,Not-in-family,Divorced,>50K
27,9th,Female,Not-in-family,Widowed,<=50K
45,HS-grad,Male,Husband,Never-married,<=50K
98,Preschool,Male,Other-relative,Married-AF-spouse,>50K
81,10th,Male,Not-in-family,Married-spouse-absent,<=50K
87,10th,Female,Other-relative,Married-AF-spouse,<=50K
27,Bachelors,Female,Not-in-family,Married-AF-spouse,>50K
77,11th,Male,Own-child,Widowed,<=50K
48,Some-college,Male,Own-child,Divorced,<=50K
87,9th,Female,Other-relative,Married-spouse-absent,<=50K
94,10th,Male,Unmarried,Married-AF-spouse,<=50K
5,12th,Male,Not-in-family,Widowed,<=50K
97,11th,Male,Other-relative,Married-spouse-absent,>50K
98,Assoc-voc,Female,Other-relative,Married-civ-spouse,<=50K
28,Masters,Male,Unmarried,Married-civ-spouse,<=50K
65,Some-college,Male,Wife,Married-spouse-absent,<=50K
68,12th,Female,Other-relative,Divorced,>50K
85,Prof-school,Male,Not-in-family,Married-AF-spouse,>50K
72,Assoc-acdm,Female,Wife,Separated,>50K
33,9th,Female,Other-relative,Married-civ-spouse,<=50K
99,Doctorate,Female,Own-child,Separated,>50K
48,7th-8th,Female,Wife,Separated,<=50K
99,12th,Male,Wife,Married-spouse-absent,<=50K
89,Bachelors,Male,Husband,Married-civ-spouse,>50K
69,Prof-school,Male,Not-in-family,Married-spouse-absent,<=50K
65,Prof-school,Female,Not-in-family,Married-civ-spouse,<=50K
99,5th-6th,Male,Unmarried,Widowed,<=50K
71,Bachelors,Female,Wife,Never-married,>50K
1,11th,Male,Other-relative,Divorced,>50K
1,Assoc-acdm,Female,Other-relative,Married-AF-spouse,>50K
71,1st-4th,Female,Own-child,Never-married,<=50K
25,10th,Female,Own-child,Married-AF-spouse,>50K
100,10th,Male,Other-relative,Divorced,<=50K
77,HS-grad,Female,Wife,Divorced,>50K
50,Preschool,Female,Husband,Divorced,>50K
27,Some-college,Male,Other-relative,Married-civ-spouse,>50K
96,Doctorate,Female,Wife,Married-civ-spouse,>50K
43,Some-college,Female,Wife,Divorced,<=50K
19,11th,Male,Own-child,Never-married,<=50K
98,Masters,Female,Wife,Separated,>50K
45,5th-6th,Male,Unmarried,Married-AF-spouse,>50K
100,Masters,Female,Own-child,Divorced,>50K
80,1st-4th,Male,Other-relative,Separated,<=50K
43,Masters,Female,Own-child,Married-AF-spouse,>50K
67,7th-8th,Male,Husband,Never-married,>50K
8,12th,Female,Wife,Separated,>50K
83,Preschool,Female,Own-child,Married-civ-spouse,>50K
46,Some-college,Female,Wife,Never-married,>50K
64,1st-4th,Male,Not-in-family,Married-civ-spouse,>50K
20,5th-6th,Female,Husband,Separated,>50K
96,Doctorate,Male,Own-child,Married-spouse-absent,<=50K
98,Some-college,Male,Unmarried,Never-married,<=50K
5,HS-grad,Male,Husband,Married-AF-spouse,>50K
85,1st-4th,Female,Wife,Widowed,>50K
24,7th-8th,Female,Husband,Married-spouse-absent,>50K
2,Prof-school,Female,Not-in-family,Divorced,>50K
71,10th,Male,Husband,Married-spouse-absent,<=50K
75,Assoc-voc,Female,Own-child,Widowed,>50K
28,Assoc-voc,Male,Not-in-family,Married-civ-spouse,>50K
95,HS-grad,Male,Wife,Married-civ-spouse,>50K
65,Doctorate,Female,Not-in-family,Separated,>50K
80,12th,Male,Unmarried,Separated,<=50K
82,1st-4th,Male,Husband,Divorced,>50K
14,Bachelors,Male,Wife,Married-civ-spouse,<=50K
21,Doctorate,Female,Own-child,Never-married,>50K
69,9th,Male,Unmarried,Widowed,<=50K
33,Assoc-acdm,Female,Husband,Married-AF-spouse,<=50K
2,Bachelors,Male,Other-relative,Married-AF-spouse,<=50K
27,5th-6th,Male,Own-child,Divorced,>50K
19,Masters,Female,Unmarried,Married-spouse-absent,<=50K
15,Masters,Male,Husband,Never-married,<=50K
71,9th,Male,Own-child,Divorced,<=50K
29,Prof-school,Female,Wife,Married-spouse-absent,<=50K
35,12th,Female,Other-relative,Never-married,<=50K
97,HS-grad,Male,Husband,Separated,<=50K
48,10th,Male,Own-child,Married-civ-spouse,>50K
49,Prof-school,Male,Unmarried,Married-spouse-absent,<=50K
80,Bachelors,Male,Wife,Married-civ-spouse,<=50K
56,9th,Male,Unmarried,Married-spouse-absent,<=50K
63,Assoc-acdm,Male,Wife,Married-civ-spouse,>50K
88,7th-8th,Female,Other-relative,Married-AF-spouse,>50K
58,12th,Male,Other-relative,Widowed,<=50K
5,11th,Female,Other-relative,Married-spouse-absent,<=50K
51,10th,Female,Own-child,Married-civ-spouse,<=50K
61,HS-grad,Male,Husband,Married-AF-spouse,<=50K
83,11th,Female,Own-child,Separated,<=50K
17,HS-grad,Male,Unmarried,Married-civ-spouse,<=50K
45,Bachelors,Female,Not-in-family,Married-AF-spouse,<=50K
96,HS-grad,Male,Own-child,Widowed,>50K
62,Assoc-acdm,Male,Wife,Married-spouse-absent,<=50K
22,9th,Female,Other-relative,Married-AF-spouse,>50K
97,Preschool,Female,Unmarried,Married-AF-spouse,>50K
9,9th,Male,Own-child,Widowed,<=50K
5,5th-6th,Female,Other-relative,Married-civ-spouse,<=50K
76,12th,Male,Other-relative,Married-civ-spouse,<=50K
61,12th,Male,Other-relative,Divorced,<=50K
42,Some-college,Female,Unmarried,Widowed,>50K
16,Doctorate,Female,Wife,Married-spouse-absent,>50K
59,Masters,Male,Other-relative,Married-AF-spouse,<=50K
17,Assoc-acdm,Male,Other-relative,Married-civ-spouse,>50K
68,Prof-school,Male,Wife,Widowed,>50K
60,Bachelors,Male,Wife,Married-spouse-absent,<=50K
25,11th,Male,Husband,Divorced,>50K
14,Preschool,Male,Other-relative,Married-spouse-absent,<=50K
61,1st-4th,Male,Own-child,Married-spouse-absent,>50K
53,Preschool,Female,Husband,Widowed,<=50K
81,Preschool,Male,Wife,Married-spouse-absent,<=50K
29,Bachelors,Male,Other-relative,Never-married,>50K
70,Assoc-voc,Male,Not-in-family,Married-civ-spouse,>50K
28,Assoc-voc,Male,Other-relative,Widowed,<=50K
74,1st-4th,Female,Own-child,Never-married,<=50K
5,HS-grad,Male,Own-child,Married-civ-spouse,<=50K
100,9th,Female,Unmarried,Married-civ-spouse,<=50K
100,Doctorate,Female,Husband,Divorced,<=50K
84,7th-8th,Female,Not-in-family,Never-married,<=50K
55,12th,Female,Husband,Widowed,>50K
50,5th-6th,Female,Other-relative,Never-married,>50K
86,Bachelors,Female,Other-relative,Separated,>50K
53,Masters,Female,Husband,Divorced,>50K
10,Prof-school,Female,Wife,Married-AF-spouse,<=50K
43,Preschool,Female,Own-child,Married-civ-spouse,>50K
59,12th,Male,Other-relative,Married-civ-spouse,>50K
30,9th,Male,Husband,Separated,>50K
59,Prof-school,Female,Not-in-family,Married-civ-spouse,<=50K
14,Assoc-acdm,Female,Own-child,Never-married,<=50K
48,12th,Female,Own-child,Married-AF-spouse,>50K
56,HS-grad,Male,Husband,Widowed,<=50K
65,1st-4th,Male,Husband,Widowed,>50K
7,Masters,Female,Not-in-family,Separated,<=50K
69,Masters,Female,Not-in-family,Separated,>50K
15,11th,Male,Own-child,Married-civ-spouse,>50K
52,9th,Female,Unmarried,Married-civ-spouse,>50K
32,9th,Male,Own-child,Separated,<=50K
87,Prof-school,Male,Other-relative,Married-AF-spouse,>50K
78,Preschool,Female,Unmarried,Never-married,<=50K
34,9th,Male,Not-in-family,Married-civ-spouse,<=50K
29,Doctorate,Male,Wife,Married-civ-spouse,<=50K
51,Some-college,Male,Husband,Separated,>50K
89,7th-8th,Male,Husband,Widowed,<=50K
53,12th,Female,Husband,Divorced,>50K
4,Masters,Male,Unmarried,Married-AF-spouse,<=50K
64,Assoc-acdm,Female,Unmarried,Never-married,<=50K
26,Some-college,Male,Own-child,Married-civ-spouse,>50K
84,Masters,Female,Not-in-family,Married-AF-spouse,<=50K
5,Masters,Male,Wife,Widowed,>50K
88,Assoc-voc,Male,Unmarried,Widowed,>50K
17,Bachelors,Male,Own-child,Married-civ-spouse,>50K
68,Preschool,Female,Own-child,Divorced,<=50K
56,Preschool,Female,Not-in-family,Married-civ-spouse,>50K
32,Doctorate,Male,Own-child,Married-spouse-absent,>50K
81,Assoc-voc,Female,Wife,Widowed,<=50K
72,Prof-school,Male,Not-in-family,Married-AF-spouse,>50K
73,10th,Male,Other-relative,Widowed,<=50K
100,9th,Male,Husband,Separated,>50K
31,Bachelors,Male,Wife,Married-civ-spouse,>50K
94,5th-6th,Female,Husband,Married-AF-spouse,>50K
73,10th,Male,Wife,Widowed,>50K
48,12th,Female,Husband,Married-spouse-absent,<=50K
99,Prof-school,Male,Own-child,Married-civ-spouse,<=50K
32,10th,Male,Unmarried,Separated,<=50K
14,5th-6th,Female,Unmarried,Married-spouse-absent,>50K
61,Some-college,Female,Wife,Married-spouse-absent,<=50K
87,Preschool,Female,Husband,Widowed,>50K
32,Prof-school,Male,Wife,Separated,<=50K
56,Masters,Male,Own-child,Widowed,>50K
28,5th-6th,Male,Unmarried,Widowed,<=50K
43,Assoc-acdm,Female,Husband,Divorced,>50K
97,Assoc-voc,Male,Husband,Divorced,>50K
50,Bachelors,Female,Own-child,Separated,<=50K
46,Masters,Male,Unmarried,Married-civ-spouse,<=50K
72,11th,Female,Other-relative,Never-married,<=50K
37,Bachelors,Male,Husband,Married-civ-spouse,<=50K
2,Assoc-voc,Male,Unmarried,Married-spouse-absent,>50K
17,Bachelors,Female,Other-relative,Never-married,>50K
15,Assoc-voc,Male,Not-in-family,Married-spouse-absent,<=50K
67,Preschool,Male,Wife,Married-spouse-absent,>50K
85,11th,Female,Own-child,Widowed,>50K
93,Bachelors,Male,Husband,Widowed,<=50K
22,11th,Female,Not-in-family,Separated,<=50K
82,Assoc-acdm,Female,Other-relative,Married-AF-spouse,<=50K
7,10th,Male,Husband,Divorced,>50K
55,Bachelors,Male,Not-in-family,Divorced,<=50K
49,Preschool,Female,Not-in-family,Divorced,<=50K
26,10th,Female,Unmarried,Divorced,>50K
4,7th-8th,Male,Own-child,Never-married,>50K
89,Masters,Male,Husband,Divorced,>50K
26,1st-4th,Male,Wife,Separated,>50K
60,Preschool,Female,Own-child,Married-civ-spouse,<=50K
83,Prof-school,Female,Wife,Married-spouse-absent,>50K
78,Masters,Female,Husband,Married-civ-spouse,<=50K
18,Assoc-acdm,Male,Husband,Never-married,>50K
96,Assoc-acdm,Female,Wife,Separated,<=50K
91,Assoc-acdm,Male,Husband,Married-spouse-absent,<=50K
36,9th,Male,Not-in-family,Never-married,<=50K
20,Prof-school,Male,Not-in-family,Married-AF-spouse,<=50K
3,11th,Male,Husband,Separated,>50K
18,Some-college,Female,Unmarried,Married-spouse-absent,<=50K
77,12th,Male,Husband,Widowed,>50K
51,12th,Female,Husband,Divorced,<=50K
49,9th,Female,Wife,Widowed,<=50K
31,Prof-school,Male,Other-relative,Married-spouse-absent,<=50K
97,Preschool,Female,Other-relative,Never-married,<=50K
18,11th,Female,Not-in-family,Never-married,<=50K
12,Preschool,Male,Unmarried,Married-AF-spouse,>50K
91,Bachelors,Female,Not-in-family,Married-spouse-absent,>50K
98,Doctorate,Male,Unmarried,Separated,>50K
71,5th-6th,Male,Other-relative,Separated,>50K
94,HS-grad,Male,Own-child,Divorced,<=50K
45,Prof-school,Female,Own-child,Widowed,<=50K
80,Some-college,Male,Unmarried,Never-married,<=50K
65,1st-4th,Female,Other-relative,Divorced,>50K
88,12th,Female,Husband,Divorced,<=50K
16,Doctorate,Female,Other-relative,Separated,>50K
45,1st-4th,Female,Not-in-family,Married-AF-spouse,<=50K
91,Some-college,Male,Wife,Divorced,>50K
37,7th-8th,Male,Own-child,Married-civ-spouse,<=50K
50,9th,Female,Wife,Divorced,>50K
24,10th,Female,Husband,Widowed,<=50K
48,Doctorate,Male,Unmarried,Widowed,<=50K
76,Bachelors,Female,Wife,Divorced,>50K
4,1st-4th,Male,Husband,Married-AF-spouse,<=50K
51,1st-4th,Male,Husband,Never-married,>50K
46,10th,Female,Wife,Married-spouse-absent,>50K
40,Assoc-acdm,Female,Not-in-family,Divorced,>50K
14,HS-grad,Male,Own-child,Divorced,<=50K
10,HS-grad,Male,Own-child,Widowed,<=50K
27,Masters,Female,Husband,Widowed,>50K
78,Bachelors,Male,Own-child,Married-spouse-absent,>50K
13,Masters,Female,Husband,Never-married,>50K
4,HS-grad,Male,Not-in-family,Married-AF-spouse,>50K
86,Masters,Male,Unmarried,Married-AF-spouse,>50K
15,1st-4th,Female,Unmarried,Married-AF-spouse,>50K
29,5th-6th,Male,Unmarried,Never-married,>50K
78,HS-grad,Female,Other-relative,Married-AF-spouse,<=50K
42,9th,Male,Not-in-family,Married-civ-spouse,>50K
25,Assoc-voc,Female,Unmarried,Separated,<=50K
75,12th,Female,Unmarried,Never-married,>50K
95,Prof-school,Female,Wife,Never-married,<=50K
91,Assoc-acdm,Female,Not-in-family,Widowed,>50K
22,9th,Male,Unmarried,Married-civ-spouse,<=50K
43,Some-college,Male,Wife,Married-spouse-absent,>50K
84,Assoc-acdm,Male,Unmarried,Married-AF-spouse,>50K
55,Bachelors,Male,Husband,Never-married,<=50K
2,9th,Male,Other-relative,Widowed,<=50K
25,1st-4th,Male,Unmarried,Never-married,<=50K
0,Doctorate,Male,Other-relative,Divorced,<=50K
95,Masters,Male,Wife,Separated,>50K
56,Assoc-voc,Male,Husband,Married-spouse-absent,>50K
70,Bachelors,Male,Not-in-family,Divorced,>50K
82,Bachelors,Male,Not-in-family,Separated,<=50K
86,7th-8th,Male,Not-in-family,Married-spouse-absent,>50K
62,Masters,Male,Unmarried,Married-AF-spouse,>50K
46,Assoc-acdm,Male,Wife,Separated,>50K
89,Some-college,Male,Not-in-family,Widowed,<=50K
77,10th,Female,Wife,Married-spouse-absent,<=50K
12,Assoc-voc,Male,Not-in-family,Widowed,<=50K
62,Masters,Male,Other-relative,Never-married,>50K
37,1st-4th,Female,Own-child,Married-spouse-absent,>50K
83,11th,Male,Husband,Married-AF-spouse,>50K
31,7th-8th,Male,Other-relative,Married-civ-spouse,<=50K
28,HS-grad,Male,Unmarried,Married-AF-spouse,>50K
59,Masters,Female,Husband,Married-AF-spouse,<=50K
83,Preschool,Male,Husband,Widowed,>50K
40,7th-8th,Male,Own-child,Divorced,<=50K
89,12th,Male,Wife,Married-civ-spouse,<=50K
29,5th-6th,Female,Husband,Married-AF-spouse,<=50K
28,1st-4th,Female,Own-child,Separated,<=50K
52,Masters,Male,Wife,Married-AF-spouse,>50K
42,10th,Male,Other-relative,Separated,<=50K
10,5th-6th,Male,Other-relative,Married-civ-spouse,>50K
84,Some-college,Female,Own-child,Married-spouse-absent,<=50K
17,HS-grad,Male,Wife,Divorced,>50K
0,11th,Female,Own-child,Married-AF-spouse,>50K
39,Prof-school,Female,Husband,Never-married,<=50K
38,5th-6th,Male,Husband,Divorced,>50K
98,12th,Male,Own-child,Divorced,<=50K
65,5th-6th,Female,Husband,Married-spouse-absent,<=50K
48,Assoc-acdm,Male,Own-child,Married-AF-spouse,>50K
86,Preschool,Male,Own-child,Separated,>50K
45,Masters,Male,Unmarried,Married-spouse-absent,>50K
49,11th,Male,Not-in-family,Married-spouse-absent,<=50K
22,1st-4th,Male,Husband,Never-married,>50K
92,Preschool,Female,Own-child,Separated,<=50K
65,Some-college,Female,Other-relative,Widowed,<=50K
85,Masters,Female,Not-in-family,Widowed,>50K
66,Some-college,Female,Own-child,Married-AF-spouse,<=50K
32,10th,Male,Other-relative,Separated,<=50K
50,5th-6th,Female,Husband,Never-married,>50K
70,HS-grad,Male,Own-child,Divorced,<=50K
35,Doctorate,Male,Other-relative,Widowed,>50K
100,Prof-school,Female,Wife,Separated,<=50K
23,HS-grad,Female,Wife,Married-civ-spouse,<=50K
82,Prof-school,Female,Unmarried,Married-civ-spouse,>50K
89,Some-college,Female,Husband,Married-civ-spouse,<=50K
79,Doctorate,Female,Husband,Divorced,<=50K
27,Prof-school,Male,Not-in-family,Married-civ-spouse,>50K
85,7th-8th,Female,Own-child,Widowed,>50K
1,Doctorate,Male,Husband,Never-married,<=50K
9,1st-4th,Male,Husband,Separated,>50K
81,Masters,Male,Not-in-family,Never-married,>50K
11,11th,Female,Wife,Separated,<=50K
64,11th,Male,Husband,Widowed,<=50K
67,9th,Male,Not-in-family,Never-married,>50K
61,Assoc-voc,Female,Wife,Never-married,<=50K
54,7th-8th,Male,Husband,Married-spouse-absent,>50K
36,7th-8th,Female,Other-relative,Married-AF-spouse,>50K
84,Some-college,Male,Wife,Divorced,<=50K
19,Some-college,Female,Husband,Never-married,>50K
69,Preschool,Female,Other-relative,Divorced,>50K
84,Masters,Female,Unmarried,Divorced,<=50K
62,Prof-school,Male,Own-child,Widowed,<=50K
68,Assoc-voc,Male,Not-in-family,Widowed,<=50K
41,Assoc-acdm,Female,Husband,Married-AF-spouse,>50K
80,Bachelors,Female,Own-child,Married-spouse-absent,<=50K
16,7th-8th,Male,Unmarried,Never-married,<=50K
57,10th,Female,Other-relative,Never-married,<=50K
5,Some-college,Female,Wife,Widowed,<=50K
96,5th-6th,Male,Unmarried,Married-AF-spouse,<=50K
22,12th,Male,Own-child,Married-civ-spouse,>50K
3,Some-college,Male,Not-in-family,Married-AF-spouse,>50K
8,Masters,Male,Own-child,Divorced,>50K
62,Preschool,Male,Wife,Married-spouse-absent,<=50K
92,7th-8th,Female,Own-child,Divorced,>50K
41,Doctorate,Female,Unmarried,Never-married,<=50K
74,10th,Female,Own-child,Married-civ-spouse,>50K
92,12th,Female,Own-child,Never-married,<=50K
95,Doctorate,Female,Own-child,Separated,>50K
11,Assoc-voc,Female,Own-child,Married-civ-spouse,<=50K
34,9th,Female,Wife,Married-spouse-absent,>50K
91,Assoc-voc,Female,Own-child,Married-spouse-absent,<=50K
49,HS-grad,Female,Not-in-family,Divorced,>50K
71,Masters,Male,Other-relative,Divorced,<=50K
39,1st-4th,Female,Wife,Married-civ-spouse,>50K
58,1st-4th,Female,Wife,Never-married,<=50K
5,Some-college,Male,Own-child,Married-civ-spouse,>50K
73,Prof-school,Female,Unmarried,Separated,>50K
88,5th-6th,Female,Other-relative,Married-AF-spouse,<=50K
12,12th,Male,Own-child,Married-civ-spouse,<=50K
97,7th-8th,Male,Other-relative,Married-AF-spouse,>50K
59,Doctorate,Male,Wife,Married-civ-spouse,>50K
78,Some-college,Male,Husband,Widowed,<=50K
15,7th-8th,Male,Not-in-family,Married-AF-spouse,>50K
4,Assoc-voc,Male,Unmarried,Separated,>50K
22,Masters,Female,Unmarried,Never-married,>50K
52,12th,Female,Other-relative,Separated,<=50K
66,Some-college,Female,Other-relative,Married-civ-spouse,<=50K
71,Doctorate,Female,Unmarried,Divorced,<=50K
72,10th,Female,Wife,Married-spouse-absent,>50K
5,Assoc-acdm,Female,Unmarried,Never-married,>50K
39,Prof-school,Male,Unmarried,Widowed,>50K
79,Some-college,Female,Husband,Never-married,<=50K
79,5th-6th,Male,Husband,Widowed,>50K
41,Masters,Male,Husband,Separated,<=50K
89,11th,Female,Unmarried,Divorced,<=50K
22,Masters,Male,Unmarried,Married-civ-spouse,<=50K
89,Preschool,Male,Own-child,Divorced,>50K
89,Doctorate,Male,Other-relative,Separated,>50K
19,HS-grad,Female,Wife,Never-married,>50K
62,12th,Female,Own-child,Married-civ-spouse,>50K
29,5th-6th,Male,Wife,Separated,>50K
9,Assoc-acdm,Female,Own-child,Married-spouse-absent,>50K
11,12th,Female,Husband,Married-spouse-absent,>50K
99,Doctorate,Male,Unmarried,Married-spouse-absent,<=50K
26,Masters,Female,Husband,Widowed,<=50K
82,Assoc-voc,Male,Own-child,Married-AF-spouse,>50K
72,Assoc-voc,Female,Other-relative,Never-married,>50K
1,Some-college,Female,Other-relative,Never-married,<=50K
99,5th-6th,Male,Wife,Divorced,<=50K
46,Preschool,Male,Not-in-family,Widowed,<=50K
55,10th,Male,Not-in-family,Widowed,>50K
10,Preschool,Female,Unmarried,Divorced,<=50K
74,Preschool,Male,Unmarried,Married-spouse-absent,<=50K
24,11th,Female,Other-relative,Separated,>50K
95,HS-grad,Female,Own-child,Married-spouse-absent,>50K
43,Prof-school,Female,Wife,Widowed,<=50K
91,Assoc-voc,Female,Wife,Married-civ-spouse,>50K
13,Some-college,Male,Husband,Married-civ-spouse,<=50K
78,10th,Male,Own-child,Married-spouse-absent,<=50K
55,Preschool,Male,Husband,Separated,>50K
5,Bachelors,Male,Own-child,Divorced,<=50K
23,Masters,Female,Own-child,Married-spouse-absent,>50K
42,Assoc-voc,Male,Unmarried,Separated,>50K
49,Preschool,Male,Unmarried,Separated,>50K
75,12th,Female,Other-relative,Married-civ-spouse,<=50K
56,12th,Male,Wife,Divorced,<=50K
43,12th,Male,Wife,Separated,>50K
24,HS-grad,Male,Unmarried,Married-spouse-absent,>50K
81,Bachelors,Female,Not-in-family,Married-AF-spouse,<=50K
21,Preschool,Male,Wife,Married-AF-spouse,<=50K
94,7th-8th,Male,Husband,Separated,<=50K
18,HS-grad,Male,Not-in-family,Widowed,<=50K
63,12th,Female,Husband,Married-spouse-absent,<=50K
89,Assoc-voc,Female,Own-child,Widowed,<=50K
29,1st-4th,Male,Own-child,Separated,<=50K
37,Assoc-voc,Male,Other-relative,Married-civ-spouse,>50K
49,Preschool,Female,Other-relative,Divorced,>50K
40,Assoc-acdm,Male,Own-child,Separated,>50K
95,Bachelors,Male,Wife,Widowed,<=50K
11,Some-college,Female,Wife,Separated,<=50K
56,Some-college,Male,Other-relative,Widowed,<=50K
63,Assoc-acdm,Male,Own-child,Married-civ-spouse,>50K
14,5th-6th,Male,Wife,Separated,<=50K
32,Some-college,Male,Wife,Never-married,>50K
65,1st-4th,Female,Husband,Never-married,<=50K
65,Masters,Male,Unmarried,Married-spouse-absent,>50K
36,1st-4th,Male,Own-child,Separated,>50K
25,Masters,Female,Other-relative,Married-spouse-absent,>50K
76,10th,Male,Not-in-family,Widowed,<=50K
72,7th-8th,Female,Unmarried,Separated,>50K
50,Masters,Male,Other-relative,Married-civ-spouse,<=50K
12,10th,Male,Unmarried,Divorced,<=50K
24,5th-6th,Male,Husband,Divorced,>50K
19,5th-6th,Female,Own-child,Married-spouse-absent,>50K
67,Doctorate,Male,Not-in-family,Never-married,<=50K
10,5th-6th,Female,Not-in-family,Married-AF-spouse,<=50K
7,Masters,Male,Other-relative,Married-AF-spouse,<=50K
52,5th-6th,Male,Husband,Widowed,<=50K
92,5th-6th,Male,Unmarried,Separated,<=50K
14,Masters,Female,Husband,Divorced,>50K
72,Assoc-acdm,Male,Not-in-family,Married-spouse-absent,>50K
46,Prof-school,Female,Unmarried,Separated,<=50K
99,Prof-school,Male,Unmarried,Married-civ-spouse,<=50K
35,9th,Female,Husband,Married-spouse-absent,>50K
81,1st-4th,Male,Own-child,Never-married,>50K
23,10th,Male,Wife,Separated,>50K
61,10th,Female,Unmarried,Separated,>50K
53,11th,Male,Other-relative,Widowed,>50K
12,Preschool,Female,Unmarried,Widowed,<=50K
45,Some-college,Male,Wife,Divorced,>50K
7,12th,Male,Not-in-family,Divorced,<=50K
47,10th,Female,Wife,Widowed,>50K
39,HS-grad,Female,Husband,Married-AF-spouse,>50K
94,12th,Male,Other-relative,Married-spouse-absent,<=50K
19,7th-8th,Female,Other-relative,Married-AF-spouse,>50K
50,Doctorate,Male,Unmarried,Never-married,>50K
65,7th-8th,Female,Unmarried,Married-AF-spouse,<=50K
43,Some-college,Male,Other-relative,Divorced,>50K
82,7th-8th,Male,Own-child,Separated,<=50K
78,Masters,Male,Not-in-family,Married-AF-spouse,<=50K
89,10th,Female,Husband,Married-spouse-absent,<=50K
56,Preschool,Female,Other-relative,Married-spouse-absent,<=50K
72,Bachelors,Female,Wife,Never-married,<=50K
50,12th,Female,Not-in-family,Divorced,>50K
34,Assoc-acdm,Female,Other-relative,Divorced,>50K
90,12th,Male,Not-in-family,Married-AF-spouse,<=50K
11,Masters,Female,Husband,Widowed,>50K
11,HS-grad,Female,Other-relative,Never-married,<=50K
36,12th,Female,Own-child,Separated,<=50K
49,5th-6th,Female,Husband,Married-spouse-absent,<=50K
76,Assoc-voc,Female,Husband,Never-married,>50K
81,Preschool,Female,Own-child,Married-civ-spouse,>50K
95,7th-8th,Female,Not-in-family,Never-married,>50K
74,Preschool,Female,Not-in-family,Married-spouse-absent,<=50K
48,Masters,Female,Wife,Separated,<=50K
74,Assoc-voc,Female,Own-child,Widowed,<=50K
11,5th-6th,Female,Other-relative,Married-civ-spouse,>50K
93,Assoc-acdm,Male,Not-in-family,Married-civ-spouse,>50K
34,Assoc-voc,Male,Not-in-family,Married-AF-spouse,<=50K
74,Doctorate,Female,Own-child,Married-civ-spouse,>50K
76,Assoc-acdm,Female,Unmarried,Widowed,<=50K
39,Doctorate,Male,Other-relative,Married-spouse-absent,<=50K
10,1st-4th,Female,Not-in-family,Married-AF-spouse,>50K
2,Assoc-acdm,Female,Own-child,Married-AF-spouse,<=50K
75,Assoc-voc,Male,Unmarried,Never-married,>50K
46,7th-8th,Male,Unmarried,Married-AF-spouse,>50K
51,12th,Male,Not-in-family,Married-AF-spouse,>50K
41,1st-4th,Female,Wife,Divorced,<=50K
91,Preschool,Female,Husband,Married-AF-spouse,>50K
3,Some-college,Male,Wife,Married-spouse-absent,<=50K
16,Assoc-acdm,Female,Wife,Married-spouse-absent,<=50K
63,Masters,Female,Not-in-family,Married-AF-spouse,>50K
64,Assoc-voc,Female,Own-child,Married-spouse-absent,<=50K
13,11th,Female,Own-child,Divorced,>50K
38,5th-6th,Female,Unmarried,Widowed,<=50K
4,Assoc-voc,Male,Wife,Married-AF-spouse,<=50K
3,7th-8th,Male,Husband,Married-spouse-absent,<=50K
19,11th,Male,Unmarried,Divorced,<=50K
81,1st-4th,Male,Husband,Married-civ-spouse,<=50K
16,Masters,Male,Unmarried,Never-married,<=50K
71,HS-grad,Male,Own-child,Widowed,>50K
24,7th-8th,Male,Not-in-family,Married-spouse-absent,>50K
11,5th-6th,Male,Other-relative,Divorced,>50K
22,HS-grad,Male,Husband,Widowed,>50K
60,Bachelors,Female,Not-in-family,Married-civ-spouse,>50K
91,Preschool,Male,Unmarried,Separated,<=50K
2,Prof-school,Female,Other-relative,Never-married,>50K
8,Prof-school,Female,Other-relative,Married-AF-spouse,>50K
72,Bachelors,Male,Unmarried,Widowed,>50K
89,12th,Male,Other-relative,Separated,>50K
38,Some-college,Male,Not-in-family,Never-married,<=50K
52,HS-grad,Male,Own-child,Married-spouse-absent,<=50K
97,Prof-school,Female,Husband,Married-AF-spouse,>50K
88,Some-college,Male,Not-in-family,Widowed,<=50K
63,Bachelors,Female,Unmarried,Divorced,>50K
21,Masters,Male,Husband,Never-married,<=50K
4,12th,Male,Other-relative,Widowed,>50K
31,7th-8th,Female,Husband,Married-spouse-absent,<=50K
75,12th,Male,Wife,Married-civ-spouse,>50K
37,Bachelors,Female,Husband,Married-spouse-absent,<=50K
7,7th-8th,Female,Own-child,Married-AF-spouse,>50K
22,Doctorate,Female,Not-in-family,Separated,>50K
42,9th,Female,Own-child,Married-AF-spouse,<=50K
59,1st-4th,Female,Wife,Never-married,>50K
95,12th,Female,Own-child,Divorced,>50K
54,Assoc-acdm,Female,Husband,Separated,<=50K
73,5th-6th,Female,Husband,Married-civ-spouse,>50K
51,Doctorate,Male,Husband,Married-spouse-absent,>50K
82,Bachelors,Female,Not-in-family,Never-married,>50K
23,5th-6th,Female,Unmarried,Widowed,>50K
83,HS-grad,Male,Unmarried,Married-civ-spouse,<=50K
25,Assoc-voc,Female,Wife,Divorced,<=50K
57,11th,Female,Own-child,Separated,>50K
69,Assoc-acdm,Female,Unmarried,Never-married,<=50K
89,Masters,Female,Not-in-family,Married-civ-spouse,<=50K
45,Preschool,Female,Husband,Divorced,>50K
88,1st-4th,Male,Wife,Married-spouse-absent,<=50K
51,9th,Female,Husband,Divorced,<=50K
59,9th,Male,Not-in-family,Separated,<=50K
44,5th-6th,Female,Husband,Married-civ-spouse,<=50K
26,5th-6th,Male,Not-in-family,Divorced,<=50K
43,Some-college,Female,Own-child,Never-married,>50K
32,Bachelors,Male,Not-in-family,Separated,<=50K
30,Bachelors,Male,Own-child,Never-married,>50K
14,1st-4th,Male,Own-child,Divorced,<=50K
71,Preschool,Female,Own-child,Divorced,>50K
96,7th-8th,Male,Husband,Separated,<=50K
61,5th-6th,Male,Husband,Separated,<=50K
1,Assoc-acdm,Male,Husband,Married-spouse-absent,<=50K
47,10th,Female,Wife,Divorced,>50K
